L,arrival_ms,beat,ctx,done_ms,inject_offset_ms,latency_ms,miss,rel_to_injection_ms,sid
0,13440.0,28,2354,13465.4,0,25.4,0,-1440.0,0
0,13920.0,29,2366,13965.88,0,45.88,0,-960.0,0
0,14400.0,30,2375,14425.41,0,25.41,0,-480.0,0
0,14880.0,31,2384,14905.42,0,25.42,0,0.0,0
0,15360.0,32,2395,15399.09,0,39.09,0,480.0,0
0,15840.0,33,2406,15879.1,0,39.1,0,960.0,0
0,16320.0,34,2418,16365.94,0,45.94,0,1440.0,0
0,16800.0,35,2428,16832.28,0,32.28,0,1920.0,0
0,17280.0,36,2440,17325.97,0,45.97,0,2400.0,0
0,17760.0,37,2455,17826.51,0,66.51,0,2880.0,0
128,13920.0,29,2366,13965.88,5,45.88,0,-965.0,0
128,14400.0,30,2375,14425.41,5,25.41,0,-485.0,0
128,14880.0,31,2512,14920.4,5,40.4,0,-5.0,0
128,15360.0,32,2523,15399.22,5,39.22,0,475.0,0
128,15840.0,33,2534,15879.23,5,39.23,0,955.0,0
128,16320.0,34,2546,16366.1,5,46.1,0,1435.0,0
128,16800.0,35,2556,16832.39,5,32.39,0,1915.0,0
128,17280.0,36,2568,17326.13,5,46.13,0,2395.0,0
128,17760.0,37,2583,17826.74,5,66.74,0,2875.0,0
128,13920.0,29,2366,13965.88,120,45.88,0,-1080.0,0
128,14400.0,30,2375,14425.41,120,25.41,0,-600.0,0
128,14880.0,31,2384,14905.42,120,25.42,0,-120.0,0
128,15360.0,32,2523,15399.22,120,39.22,0,360.0,0
128,15840.0,33,2534,15879.23,120,39.23,0,840.0,0
128,16320.0,34,2546,16366.1,120,46.1,0,1320.0,0
128,16800.0,35,2556,16832.39,120,32.39,0,1800.0,0
128,17280.0,36,2568,17326.13,120,46.13,0,2280.0,0
128,17760.0,37,2583,17826.74,120,66.74,0,2760.0,0
128,13920.0,29,2366,13965.88,240,45.88,0,-1200.0,0
128,14400.0,30,2375,14425.41,240,25.41,0,-720.0,0
128,14880.0,31,2384,14905.42,240,25.42,0,-240.0,0
128,15360.0,32,2523,15399.22,240,39.22,0,240.0,0
128,15840.0,33,2534,15879.23,240,39.23,0,720.0,0
128,16320.0,34,2546,16366.1,240,46.1,0,1200.0,0
128,16800.0,35,2556,16832.39,240,32.39,0,1680.0,0
128,17280.0,36,2568,17326.13,240,46.13,0,2160.0,0
128,17760.0,37,2583,17826.74,240,66.74,0,2640.0,0
128,13920.0,29,2366,13965.88,360,45.88,0,-1320.0,0
128,14400.0,30,2375,14425.41,360,25.41,0,-840.0,0
128,14880.0,31,2384,14905.42,360,25.42,0,-360.0,0
128,15360.0,32,2523,15399.22,360,39.22,0,120.0,0
128,15840.0,33,2534,15879.23,360,39.23,0,600.0,0
128,16320.0,34,2546,16366.1,360,46.1,0,1080.0,0
128,16800.0,35,2556,16832.39,360,32.39,0,1560.0,0
128,17280.0,36,2568,17326.13,360,46.13,0,2040.0,0
128,17760.0,37,2583,17826.74,360,66.74,0,2520.0,0
128,13920.0,29,2366,13965.88,470,45.88,0,-1430.0,0
128,14400.0,30,2375,14425.41,470,25.41,0,-950.0,0
128,14880.0,31,2384,14905.42,470,25.42,0,-470.0,0
128,15360.0,32,2523,15409.07,470,49.07,0,10.0,0
128,15840.0,33,2534,15879.23,470,39.23,0,490.0,0
128,16320.0,34,2546,16366.1,470,46.1,0,970.0,0
128,16800.0,35,2556,16832.39,470,32.39,0,1450.0,0
128,17280.0,36,2568,17326.13,470,46.13,0,1930.0,0
128,17760.0,37,2583,17826.74,470,66.74,0,2410.0,0
256,13920.0,29,2366,13965.88,5,45.88,0,-965.0,0
256,14400.0,30,2375,14425.41,5,25.41,0,-485.0,0
256,14880.0,31,2640,14925.34,5,45.34,0,-5.0,0
256,15360.0,32,2651,15399.35,5,39.35,0,475.0,0
256,15840.0,33,2662,15879.36,5,39.36,0,955.0,0
256,16320.0,34,2674,16366.26,5,46.26,0,1435.0,0
256,16800.0,35,2684,16832.5,5,32.5,0,1915.0,0
256,17280.0,36,2696,17326.28,5,46.28,0,2395.0,0
256,17760.0,37,2711,17826.98,5,66.98,0,2875.0,0
256,13920.0,29,2366,13965.88,120,45.88,0,-1080.0,0
256,14400.0,30,2375,14425.41,120,25.41,0,-600.0,0
256,14880.0,31,2384,14905.42,120,25.42,0,-120.0,0
256,15360.0,32,2651,15399.35,120,39.35,0,360.0,0
256,15840.0,33,2662,15879.36,120,39.36,0,840.0,0
256,16320.0,34,2674,16366.26,120,46.26,0,1320.0,0
256,16800.0,35,2684,16832.5,120,32.5,0,1800.0,0
256,17280.0,36,2696,17326.28,120,46.28,0,2280.0,0
256,17760.0,37,2711,17826.98,120,66.98,0,2760.0,0
256,13920.0,29,2366,13965.88,240,45.88,0,-1200.0,0
256,14400.0,30,2375,14425.41,240,25.41,0,-720.0,0
256,14880.0,31,2384,14905.42,240,25.42,0,-240.0,0
256,15360.0,32,2651,15399.35,240,39.35,0,240.0,0
256,15840.0,33,2662,15879.36,240,39.36,0,720.0,0
256,16320.0,34,2674,16366.26,240,46.26,0,1200.0,0
256,16800.0,35,2684,16832.5,240,32.5,0,1680.0,0
256,17280.0,36,2696,17326.28,240,46.28,0,2160.0,0
256,17760.0,37,2711,17826.98,240,66.98,0,2640.0,0
256,13920.0,29,2366,13965.88,360,45.88,0,-1320.0,0
256,14400.0,30,2375,14425.41,360,25.41,0,-840.0,0
256,14880.0,31,2384,14905.42,360,25.42,0,-360.0,0
256,15360.0,32,2651,15399.35,360,39.35,0,120.0,0
256,15840.0,33,2662,15879.36,360,39.36,0,600.0,0
256,16320.0,34,2674,16366.26,360,46.26,0,1080.0,0
256,16800.0,35,2684,16832.5,360,32.5,0,1560.0,0
256,17280.0,36,2696,17326.28,360,46.28,0,2040.0,0
256,17760.0,37,2711,17826.98,360,66.98,0,2520.0,0
256,13920.0,29,2366,13965.88,470,45.88,0,-1430.0,0
256,14400.0,30,2375,14425.41,470,25.41,0,-950.0,0
256,14880.0,31,2384,14905.42,470,25.42,0,-470.0,0
256,15360.0,32,2651,15414.14,470,54.14,0,10.0,0
256,15840.0,33,2662,15879.36,470,39.36,0,490.0,0
256,16320.0,34,2674,16366.26,470,46.26,0,970.0,0
256,16800.0,35,2684,16832.5,470,32.5,0,1450.0,0
256,17280.0,36,2696,17326.28,470,46.28,0,1930.0,0
256,17760.0,37,2711,17826.98,470,66.98,0,2410.0,0
512,13920.0,29,2366,13965.88,5,45.88,0,-965.0,0
512,14400.0,30,2375,14425.41,5,25.41,0,-485.0,0
512,14880.0,31,2896,14943.07,5,63.07,0,-5.0,0
512,15360.0,32,2907,15399.61,5,39.61,0,475.0,0
512,15840.0,33,2918,15879.63,5,39.63,0,955.0,0
512,16320.0,34,2930,16366.57,5,46.57,0,1435.0,0
512,16800.0,35,2940,16832.71,5,32.71,0,1915.0,0
512,17280.0,36,2952,17326.6,5,46.6,0,2395.0,0
512,17760.0,37,2967,17827.44,5,67.44,0,2875.0,0
512,13920.0,29,2366,13965.88,120,45.88,0,-1080.0,0
512,14400.0,30,2375,14425.41,120,25.41,0,-600.0,0
512,14880.0,31,2384,14905.42,120,25.42,0,-120.0,0
512,15360.0,32,2907,15399.61,120,39.61,0,360.0,0
512,15840.0,33,2918,15879.63,120,39.63,0,840.0,0
512,16320.0,34,2930,16366.57,120,46.57,0,1320.0,0
512,16800.0,35,2940,16832.71,120,32.71,0,1800.0,0
512,17280.0,36,2952,17326.6,120,46.6,0,2280.0,0
512,17760.0,37,2967,17827.44,120,67.44,0,2760.0,0
512,13920.0,29,2366,13965.88,240,45.88,0,-1200.0,0
512,14400.0,30,2375,14425.41,240,25.41,0,-720.0,0
512,14880.0,31,2384,14905.42,240,25.42,0,-240.0,0
512,15360.0,32,2907,15399.61,240,39.61,0,240.0,0
512,15840.0,33,2918,15879.63,240,39.63,0,720.0,0
512,16320.0,34,2930,16366.57,240,46.57,0,1200.0,0
512,16800.0,35,2940,16832.71,240,32.71,0,1680.0,0
512,17280.0,36,2952,17326.6,240,46.6,0,2160.0,0
512,17760.0,37,2967,17827.44,240,67.44,0,2640.0,0
512,13920.0,29,2366,13965.88,360,45.88,0,-1320.0,0
512,14400.0,30,2375,14425.41,360,25.41,0,-840.0,0
512,14880.0,31,2384,14905.42,360,25.42,0,-360.0,0
512,15360.0,32,2907,15399.61,360,39.61,0,120.0,0
512,15840.0,33,2918,15879.63,360,39.63,0,600.0,0
512,16320.0,34,2930,16366.57,360,46.57,0,1080.0,0
512,16800.0,35,2940,16832.71,360,32.71,0,1560.0,0
512,17280.0,36,2952,17326.6,360,46.6,0,2040.0,0
512,17760.0,37,2967,17827.44,360,67.44,0,2520.0,0
512,13920.0,29,2366,13965.88,470,45.88,0,-1430.0,0
512,14400.0,30,2375,14425.41,470,25.41,0,-950.0,0
512,14880.0,31,2384,14905.42,470,25.42,0,-470.0,0
512,15360.0,32,2907,15432.14,470,72.14,0,10.0,0
512,15840.0,33,2918,15879.63,470,39.63,0,490.0,0
512,16320.0,34,2930,16366.57,470,46.57,0,970.0,0
512,16800.0,35,2940,16832.71,470,32.71,0,1450.0,0
512,17280.0,36,2952,17326.6,470,46.6,0,1930.0,0
512,17760.0,37,2967,17827.44,470,67.44,0,2410.0,0
1024,13920.0,29,2366,13965.88,5,45.88,0,-965.0,0
1024,14400.0,30,2375,14425.41,5,25.41,0,-485.0,0
1024,14880.0,31,3408,14975.18,5,95.18,0,-5.0,0
1024,15360.0,32,3419,15400.14,5,40.14,0,475.0,0
1024,15840.0,33,3430,15880.15,5,40.15,0,955.0,0
1024,16320.0,34,3442,16367.2,5,47.2,0,1435.0,0
1024,16800.0,35,3452,16833.14,5,33.14,0,1915.0,0
1024,17280.0,36,3464,17327.23,5,47.23,0,2395.0,0
1024,17760.0,37,3479,17828.36,5,68.36,0,2875.0,0
1024,13920.0,29,2366,13965.88,120,45.88,0,-1080.0,0
1024,14400.0,30,2375,14425.41,120,25.41,0,-600.0,0
1024,14880.0,31,2384,14905.42,120,25.42,0,-120.0,0
1024,15360.0,32,3419,15400.14,120,40.14,0,360.0,0
1024,15840.0,33,3430,15880.15,120,40.15,0,840.0,0
1024,16320.0,34,3442,16367.2,120,47.2,0,1320.0,0
1024,16800.0,35,3452,16833.14,120,33.14,0,1800.0,0
1024,17280.0,36,3464,17327.23,120,47.23,0,2280.0,0
1024,17760.0,37,3479,17828.36,120,68.36,0,2760.0,0
1024,13920.0,29,2366,13965.88,240,45.88,0,-1200.0,0
1024,14400.0,30,2375,14425.41,240,25.41,0,-720.0,0
1024,14880.0,31,2384,14905.42,240,25.42,0,-240.0,0
1024,15360.0,32,3419,15400.14,240,40.14,0,240.0,0
1024,15840.0,33,3430,15880.15,240,40.15,0,720.0,0
1024,16320.0,34,3442,16367.2,240,47.2,0,1200.0,0
1024,16800.0,35,3452,16833.14,240,33.14,0,1680.0,0
1024,17280.0,36,3464,17327.23,240,47.23,0,2160.0,0
1024,17760.0,37,3479,17828.36,240,68.36,0,2640.0,0
1024,13920.0,29,2366,13965.88,360,45.88,0,-1320.0,0
1024,14400.0,30,2375,14425.41,360,25.41,0,-840.0,0
1024,14880.0,31,2384,14905.42,360,25.42,0,-360.0,0
1024,15360.0,32,3419,15400.14,360,40.14,0,120.0,0
1024,15840.0,33,3430,15880.15,360,40.15,0,600.0,0
1024,16320.0,34,3442,16367.2,360,47.2,0,1080.0,0
1024,16800.0,35,3452,16833.14,360,33.14,0,1560.0,0
1024,17280.0,36,3464,17327.23,360,47.23,0,2040.0,0
1024,17760.0,37,3479,17828.36,360,68.36,0,2520.0,0
1024,13920.0,29,2366,13965.88,470,45.88,0,-1430.0,0
1024,14400.0,30,2375,14425.41,470,25.41,0,-950.0,0
1024,14880.0,31,2384,14905.42,470,25.42,0,-470.0,0
1024,15360.0,32,3419,15464.78,470,104.78,0,10.0,0
1024,15840.0,33,3430,15880.15,470,40.15,0,490.0,0
1024,16320.0,34,3442,16367.2,470,47.2,0,970.0,0
1024,16800.0,35,3452,16833.14,470,33.14,0,1450.0,0
1024,17280.0,36,3464,17327.23,470,47.23,0,1930.0,0
1024,17760.0,37,3479,17828.36,470,68.36,0,2410.0,0
2048,13920.0,29,2366,13965.88,5,45.88,0,-965.0,0
2048,14400.0,30,2375,14425.41,5,25.41,0,-485.0,0
2048,14880.0,31,2384,14905.42,5,25.42,0,-5.0,0
2048,15360.0,32,4443,15401.41,5,41.41,0,475.0,0
2048,15840.0,33,4454,15881.43,5,41.43,0,955.0,0
2048,16320.0,34,4466,16368.67,5,48.67,0,1435.0,0
2048,16800.0,35,4476,16834.24,5,34.24,0,1915.0,0
2048,17280.0,36,4488,17328.71,5,48.71,0,2395.0,0
2048,17760.0,37,4503,17830.42,5,70.42,0,2875.0,0
2048,13920.0,29,2366,13965.88,120,45.88,0,-1080.0,0
2048,14400.0,30,2375,14425.41,120,25.41,0,-600.0,0
2048,14880.0,31,2384,14905.42,120,25.42,0,-120.0,0
2048,15360.0,32,4443,15401.41,120,41.41,0,360.0,0
2048,15840.0,33,4454,15881.43,120,41.43,0,840.0,0
2048,16320.0,34,4466,16368.67,120,48.67,0,1320.0,0
2048,16800.0,35,4476,16834.24,120,34.24,0,1800.0,0
2048,17280.0,36,4488,17328.71,120,48.71,0,2280.0,0
2048,17760.0,37,4503,17830.42,120,70.42,0,2760.0,0
2048,13920.0,29,2366,13965.88,240,45.88,0,-1200.0,0
2048,14400.0,30,2375,14425.41,240,25.41,0,-720.0,0
2048,14880.0,31,2384,14905.42,240,25.42,0,-240.0,0
2048,15360.0,32,4443,15401.41,240,41.41,0,240.0,0
2048,15840.0,33,4454,15881.43,240,41.43,0,720.0,0
2048,16320.0,34,4466,16368.67,240,48.67,0,1200.0,0
2048,16800.0,35,4476,16834.24,240,34.24,0,1680.0,0
2048,17280.0,36,4488,17328.71,240,48.71,0,2160.0,0
2048,17760.0,37,4503,17830.42,240,70.42,0,2640.0,0
2048,13920.0,29,2366,13965.88,360,45.88,0,-1320.0,0
2048,14400.0,30,2375,14425.41,360,25.41,0,-840.0,0
2048,14880.0,31,2384,14905.42,360,25.42,0,-360.0,0
2048,15360.0,32,4443,15421.29,360,61.29,0,120.0,0
2048,15840.0,33,4454,15881.43,360,41.43,0,600.0,0
2048,16320.0,34,4466,16368.67,360,48.67,0,1080.0,0
2048,16800.0,35,4476,16834.24,360,34.24,0,1560.0,0
2048,17280.0,36,4488,17328.71,360,48.71,0,2040.0,0
2048,17760.0,37,4503,17830.42,360,70.42,0,2520.0,0
2048,13920.0,29,2366,13965.88,470,45.88,0,-1430.0,0
2048,14400.0,30,2375,14425.41,470,25.41,0,-950.0,0
2048,14880.0,31,2384,14905.42,470,25.42,0,-470.0,0
2048,15360.0,32,4443,15531.29,470,171.29,0,10.0,0
2048,15840.0,33,4454,15881.43,470,41.43,0,490.0,0
2048,16320.0,34,4466,16368.67,470,48.67,0,970.0,0
2048,16800.0,35,4476,16834.24,470,34.24,0,1450.0,0
2048,17280.0,36,4488,17328.71,470,48.71,0,1930.0,0
2048,17760.0,37,4503,17830.42,470,70.42,0,2410.0,0
3072,13920.0,29,2366,13965.88,5,45.88,0,-965.0,0
3072,14400.0,30,2375,14425.41,5,25.41,0,-485.0,0
3072,14880.0,31,2384,14905.42,5,25.42,0,-5.0,0
3072,15360.0,32,5467,15403.1,5,43.1,0,475.0,0
3072,15840.0,33,5478,15883.12,5,43.12,0,955.0,0
3072,16320.0,34,5490,16370.54,5,50.54,0,1435.0,0
3072,16800.0,35,5500,16835.76,5,35.76,0,1915.0,0
3072,17280.0,36,5512,17330.58,5,50.58,0,2395.0,0
3072,17760.0,37,5527,17832.82,5,72.82,0,2875.0,0
3072,13920.0,29,2366,13965.88,120,45.88,0,-1080.0,0
3072,14400.0,30,2375,14425.41,120,25.41,0,-600.0,0
3072,14880.0,31,2384,14905.42,120,25.42,0,-120.0,0
3072,15360.0,32,5467,15403.1,120,43.1,0,360.0,0
3072,15840.0,33,5478,15883.12,120,43.12,0,840.0,0
3072,16320.0,34,5490,16370.54,120,50.54,0,1320.0,0
3072,16800.0,35,5500,16835.76,120,35.76,0,1800.0,0
3072,17280.0,36,5512,17330.58,120,50.58,0,2280.0,0
3072,17760.0,37,5527,17832.82,120,72.82,0,2760.0,0
3072,13920.0,29,2366,13965.88,240,45.88,0,-1200.0,0
3072,14400.0,30,2375,14425.41,240,25.41,0,-720.0,0
3072,14880.0,31,2384,14905.42,240,25.42,0,-240.0,0
3072,15360.0,32,5467,15403.1,240,43.1,0,240.0,0
3072,15840.0,33,5478,15883.12,240,43.12,0,720.0,0
3072,16320.0,34,5490,16370.54,240,50.54,0,1200.0,0
3072,16800.0,35,5500,16835.76,240,35.76,0,1680.0,0
3072,17280.0,36,5512,17330.58,240,50.58,0,2160.0,0
3072,17760.0,37,5527,17832.82,240,72.82,0,2640.0,0
3072,13920.0,29,2366,13965.88,360,45.88,0,-1320.0,0
3072,14400.0,30,2375,14425.41,360,25.41,0,-840.0,0
3072,14880.0,31,2384,14905.42,360,25.42,0,-360.0,0
3072,15360.0,32,5467,15513.68,360,153.68,0,120.0,0
3072,15840.0,33,5478,15883.12,360,43.12,0,600.0,0
3072,16320.0,34,5490,16370.54,360,50.54,0,1080.0,0
3072,16800.0,35,5500,16835.76,360,35.76,0,1560.0,0
3072,17280.0,36,5512,17330.58,360,50.58,0,2040.0,0
3072,17760.0,37,5527,17832.82,360,72.82,0,2520.0,0
3072,13920.0,29,2366,13965.88,470,45.88,0,-1430.0,0
3072,14400.0,30,2375,14425.41,470,25.41,0,-950.0,0
3072,14880.0,31,2384,14905.42,470,25.42,0,-470.0,0
3072,15360.0,32,5467,15623.68,470,263.68,0,10.0,0
3072,15840.0,33,5478,15883.12,470,43.12,0,490.0,0
3072,16320.0,34,5490,16370.54,470,50.54,0,970.0,0
3072,16800.0,35,5500,16835.76,470,35.76,0,1450.0,0
3072,17280.0,36,5512,17330.58,470,50.58,0,1930.0,0
3072,17760.0,37,5527,17832.82,470,72.82,0,2410.0,0
4096,13920.0,29,2366,13965.88,5,45.88,0,-965.0,0
4096,14400.0,30,2375,14425.41,5,25.41,0,-485.0,0
4096,14880.0,31,2384,14905.42,5,25.42,0,-5.0,0
4096,15360.0,32,6491,15404.8,5,44.8,0,475.0,0
4096,15840.0,33,6502,15884.82,5,44.82,0,955.0,0
4096,16320.0,34,6514,16372.41,5,52.41,0,1435.0,0
4096,16800.0,35,6524,16837.27,5,37.27,0,1915.0,0
4096,17280.0,36,6536,17332.45,5,52.45,0,2395.0,0
4096,17760.0,37,6551,17835.23,5,75.23,0,2875.0,0
4096,13920.0,29,2366,13965.88,120,45.88,0,-1080.0,0
4096,14400.0,30,2375,14425.41,120,25.41,0,-600.0,0
4096,14880.0,31,2384,14905.42,120,25.42,0,-120.0,0
4096,15360.0,32,6491,15404.8,120,44.8,0,360.0,0
4096,15840.0,33,6502,15884.82,120,44.82,0,840.0,0
4096,16320.0,34,6514,16372.41,120,52.41,0,1320.0,0
4096,16800.0,35,6524,16837.27,120,37.27,0,1800.0,0
4096,17280.0,36,6536,17332.45,120,52.45,0,2280.0,0
4096,17760.0,37,6551,17835.23,120,75.23,0,2760.0,0
4096,13920.0,29,2366,13965.88,240,45.88,0,-1200.0,0
4096,14400.0,30,2375,14425.41,240,25.41,0,-720.0,0
4096,14880.0,31,2384,14905.42,240,25.42,0,-240.0,0
4096,15360.0,32,6491,15459.72,240,99.72,0,240.0,0
4096,15840.0,33,6502,15884.82,240,44.82,0,720.0,0
4096,16320.0,34,6514,16372.41,240,52.41,0,1200.0,0
4096,16800.0,35,6524,16837.27,240,37.27,0,1680.0,0
4096,17280.0,36,6536,17332.45,240,52.45,0,2160.0,0
4096,17760.0,37,6551,17835.23,240,75.23,0,2640.0,0
4096,13920.0,29,2366,13965.88,360,45.88,0,-1320.0,0
4096,14400.0,30,2375,14425.41,360,25.41,0,-840.0,0
4096,14880.0,31,2384,14905.42,360,25.42,0,-360.0,0
4096,15360.0,32,6491,15579.72,360,219.72,0,120.0,0
4096,15840.0,33,6502,15884.82,360,44.82,0,600.0,0
4096,16320.0,34,6514,16372.41,360,52.41,0,1080.0,0
4096,16800.0,35,6524,16837.27,360,37.27,0,1560.0,0
4096,17280.0,36,6536,17332.45,360,52.45,0,2040.0,0
4096,17760.0,37,6551,17835.23,360,75.23,0,2520.0,0
4096,13920.0,29,2366,13965.88,470,45.88,0,-1430.0,0
4096,14400.0,30,2375,14425.41,470,25.41,0,-950.0,0
4096,14880.0,31,2384,14905.42,470,25.42,0,-470.0,0
4096,15360.0,32,6491,15689.72,470,329.72,0,10.0,0
4096,15840.0,33,6502,15884.82,470,44.82,0,490.0,0
4096,16320.0,34,6514,16372.41,470,52.41,0,970.0,0
4096,16800.0,35,6524,16837.27,470,37.27,0,1450.0,0
4096,17280.0,36,6536,17332.45,470,52.45,0,1930.0,0
4096,17760.0,37,6551,17835.23,470,75.23,0,2410.0,0
5120,13920.0,29,2366,13965.88,5,45.88,0,-965.0,0
5120,14400.0,30,2375,14425.41,5,25.41,0,-485.0,0
5120,14880.0,31,2384,14905.42,5,25.42,0,-5.0,0
5120,15360.0,32,7515,15406.49,5,46.49,0,475.0,0
5120,15840.0,33,7526,15886.51,5,46.51,0,955.0,0
5120,16320.0,34,7538,16374.28,5,54.28,0,1435.0,0
5120,16800.0,35,7548,16838.79,5,38.79,0,1915.0,0
5120,17280.0,36,7560,17334.32,5,54.32,0,2395.0,0
5120,17760.0,37,7575,17837.63,5,77.63,0,2875.0,0
5120,13920.0,29,2366,13965.88,120,45.88,0,-1080.0,0
5120,14400.0,30,2375,14425.41,120,25.41,0,-600.0,0
5120,14880.0,31,2384,14905.42,120,25.42,0,-120.0,0
5120,15360.0,32,7515,15458.88,120,98.88,0,360.0,0
5120,15840.0,33,7526,15886.51,120,46.51,0,840.0,0
5120,16320.0,34,7538,16374.28,120,54.28,0,1320.0,0
5120,16800.0,35,7548,16838.79,120,38.79,0,1800.0,0
5120,17280.0,36,7560,17334.32,120,54.32,0,2280.0,0
5120,17760.0,37,7575,17837.63,120,77.63,0,2760.0,0
5120,13920.0,29,2366,13965.88,240,45.88,0,-1200.0,0
5120,14400.0,30,2375,14425.41,240,25.41,0,-720.0,0
5120,14880.0,31,2384,14905.42,240,25.42,0,-240.0,0
5120,15360.0,32,7515,15578.88,240,218.88,0,240.0,0
5120,15840.0,33,7526,15886.51,240,46.51,0,720.0,0
5120,16320.0,34,7538,16374.28,240,54.28,0,1200.0,0
5120,16800.0,35,7548,16838.79,240,38.79,0,1680.0,0
5120,17280.0,36,7560,17334.32,240,54.32,0,2160.0,0
5120,17760.0,37,7575,17837.63,240,77.63,0,2640.0,0
5120,13920.0,29,2366,13965.88,360,45.88,0,-1320.0,0
5120,14400.0,30,2375,14425.41,360,25.41,0,-840.0,0
5120,14880.0,31,2384,14905.42,360,25.42,0,-360.0,0
5120,15360.0,32,7515,15698.88,360,338.88,0,120.0,0
5120,15840.0,33,7526,15886.51,360,46.51,0,600.0,0
5120,16320.0,34,7538,16374.28,360,54.28,0,1080.0,0
5120,16800.0,35,7548,16838.79,360,38.79,0,1560.0,0
5120,17280.0,36,7560,17334.32,360,54.32,0,2040.0,0
5120,17760.0,37,7575,17837.63,360,77.63,0,2520.0,0
5120,13920.0,29,2366,13965.88,470,45.88,0,-1430.0,0
5120,14400.0,30,2375,14425.41,470,25.41,0,-950.0,0
5120,14880.0,31,2384,14905.42,470,25.42,0,-470.0,0
5120,15360.0,32,7515,15808.88,470,448.88,0,10.0,0
5120,15840.0,33,7526,15886.51,470,46.51,0,490.0,0
5120,16320.0,34,7538,16374.28,470,54.28,0,970.0,0
5120,16800.0,35,7548,16838.79,470,38.79,0,1450.0,0
5120,17280.0,36,7560,17334.32,470,54.32,0,1930.0,0
5120,17760.0,37,7575,17837.63,470,77.63,0,2410.0,0
6144,13920.0,29,2366,13965.88,5,45.88,0,-965.0,0
6144,14400.0,30,2375,14425.41,5,25.41,0,-485.0,0
6144,14880.0,31,2384,14905.42,5,25.42,0,-5.0,0
6144,15360.0,32,8539,15460.96,5,100.96,0,475.0,0
6144,15840.0,33,8550,15888.19,5,48.19,0,955.0,0
6144,16320.0,34,8562,16376.14,5,56.14,0,1435.0,0
6144,16800.0,35,8572,16840.3,5,40.3,0,1915.0,0
6144,17280.0,36,8584,17336.18,5,56.18,0,2395.0,0
6144,17760.0,37,8599,17840.01,5,80.01,0,2875.0,0
6144,13920.0,29,2366,13965.88,120,45.88,0,-1080.0,0
6144,14400.0,30,2375,14425.41,120,25.41,0,-600.0,0
6144,14880.0,31,2384,14905.42,120,25.42,0,-120.0,0
6144,15360.0,32,8539,15556.54,120,196.54,0,360.0,0
6144,15840.0,33,8550,15888.19,120,48.19,0,840.0,0
6144,16320.0,34,8562,16376.14,120,56.14,0,1320.0,0
6144,16800.0,35,8572,16840.3,120,40.3,0,1800.0,0
6144,17280.0,36,8584,17336.18,120,56.18,0,2280.0,0
6144,17760.0,37,8599,17840.01,120,80.01,0,2760.0,0
6144,13920.0,29,2366,13965.88,240,45.88,0,-1200.0,0
6144,14400.0,30,2375,14425.41,240,25.41,0,-720.0,0
6144,14880.0,31,2384,14905.42,240,25.42,0,-240.0,0
6144,15360.0,32,8539,15676.54,240,316.54,0,240.0,0
6144,15840.0,33,8550,15888.19,240,48.19,0,720.0,0
6144,16320.0,34,8562,16376.14,240,56.14,0,1200.0,0
6144,16800.0,35,8572,16840.3,240,40.3,0,1680.0,0
6144,17280.0,36,8584,17336.18,240,56.18,0,2160.0,0
6144,17760.0,37,8599,17840.01,240,80.01,0,2640.0,0
6144,13920.0,29,2366,13965.88,360,45.88,0,-1320.0,0
6144,14400.0,30,2375,14425.41,360,25.41,0,-840.0,0
6144,14880.0,31,2384,14905.42,360,25.42,0,-360.0,0
6144,15360.0,32,8539,15796.54,360,436.54,0,120.0,0
6144,15840.0,33,8550,15888.19,360,48.19,0,600.0,0
6144,16320.0,34,8562,16376.14,360,56.14,0,1080.0,0
6144,16800.0,35,8572,16840.3,360,40.3,0,1560.0,0
6144,17280.0,36,8584,17336.18,360,56.18,0,2040.0,0
6144,17760.0,37,8599,17840.01,360,80.01,0,2520.0,0
6144,13920.0,29,2366,13965.88,470,45.88,0,-1430.0,0
6144,14400.0,30,2375,14425.41,470,25.41,0,-950.0,0
6144,14880.0,31,2384,14905.42,470,25.42,0,-470.0,0
6144,15360.0,32,8549,15911.82,470,551.82,1,10.0,0
6144,15840.0,33,8550,15911.82,470,71.82,0,490.0,0
6144,16320.0,34,8562,16376.14,470,56.14,0,970.0,0
6144,16800.0,35,8572,16840.3,470,40.3,0,1450.0,0
6144,17280.0,36,8584,17336.18,470,56.18,0,1930.0,0
6144,17760.0,37,8599,17840.01,470,80.01,0,2410.0,0
7168,13920.0,29,2366,13965.88,5,45.88,0,-965.0,0
7168,14400.0,30,2375,14425.41,5,25.41,0,-485.0,0
7168,14880.0,31,2384,14905.42,5,25.42,0,-5.0,0
7168,15360.0,32,9563,15543.77,5,183.77,0,475.0,0
7168,15840.0,33,9574,15889.86,5,49.86,0,955.0,0
7168,16320.0,34,9586,16377.98,5,57.98,0,1435.0,0
7168,16800.0,35,9596,16841.8,5,41.8,0,1915.0,0
7168,17280.0,36,9608,17338.02,5,58.02,0,2395.0,0
7168,17760.0,37,9623,17842.36,5,82.36,0,2875.0,0
7168,13920.0,29,2366,13965.88,120,45.88,0,-1080.0,0
7168,14400.0,30,2375,14425.41,120,25.41,0,-600.0,0
7168,14880.0,31,2384,14905.42,120,25.42,0,-120.0,0
7168,15360.0,32,9563,15639.35,120,279.35,0,360.0,0
7168,15840.0,33,9574,15889.86,120,49.86,0,840.0,0
7168,16320.0,34,9586,16377.98,120,57.98,0,1320.0,0
7168,16800.0,35,9596,16841.8,120,41.8,0,1800.0,0
7168,17280.0,36,9608,17338.02,120,58.02,0,2280.0,0
7168,17760.0,37,9623,17842.36,120,82.36,0,2760.0,0
7168,13920.0,29,2366,13965.88,240,45.88,0,-1200.0,0
7168,14400.0,30,2375,14425.41,240,25.41,0,-720.0,0
7168,14880.0,31,2384,14905.42,240,25.42,0,-240.0,0
7168,15360.0,32,9563,15759.35,240,399.35,0,240.0,0
7168,15840.0,33,9574,15889.86,240,49.86,0,720.0,0
7168,16320.0,34,9586,16377.98,240,57.98,0,1200.0,0
7168,16800.0,35,9596,16841.8,240,41.8,0,1680.0,0
7168,17280.0,36,9608,17338.02,240,58.02,0,2160.0,0
7168,17760.0,37,9623,17842.36,240,82.36,0,2640.0,0
7168,13920.0,29,2366,13965.88,360,45.88,0,-1320.0,0
7168,14400.0,30,2375,14425.41,360,25.41,0,-840.0,0
7168,14880.0,31,2384,14905.42,360,25.42,0,-360.0,0
7168,15360.0,32,9573,15895.74,360,535.74,1,120.0,0
7168,15840.0,33,9574,15903.84,360,63.84,0,600.0,0
7168,16320.0,34,9586,16377.98,360,57.98,0,1080.0,0
7168,16800.0,35,9596,16841.8,360,41.8,0,1560.0,0
7168,17280.0,36,9608,17338.02,360,58.02,0,2040.0,0
7168,17760.0,37,9623,17842.36,360,82.36,0,2520.0,0
7168,13920.0,29,2366,13965.88,470,45.88,0,-1430.0,0
7168,14400.0,30,2375,14425.41,470,25.41,0,-950.0,0
7168,14880.0,31,2384,14905.42,470,25.42,0,-470.0,0
7168,15360.0,32,9573,15995.08,470,635.08,1,10.0,0
7168,15840.0,33,9574,15995.08,470,155.08,0,490.0,0
7168,16320.0,34,9586,16377.98,470,57.98,0,970.0,0
7168,16800.0,35,9596,16841.8,470,41.8,0,1450.0,0
7168,17280.0,36,9608,17338.02,470,58.02,0,1930.0,0
7168,17760.0,37,9623,17842.36,470,82.36,0,2410.0,0
8192,13920.0,29,2366,13965.88,5,45.88,0,-965.0,0
8192,14400.0,30,2375,14425.41,5,25.41,0,-485.0,0
8192,14880.0,31,2384,14905.42,5,25.42,0,-5.0,0
8192,15360.0,32,10587,15615.73,5,255.73,0,475.0,0
8192,15840.0,33,10598,15891.53,5,51.53,0,955.0,0
8192,16320.0,34,10610,16379.82,5,59.82,0,1435.0,0
8192,16800.0,35,10620,16843.3,5,43.3,0,1915.0,0
8192,17280.0,36,10632,17339.86,5,59.86,0,2395.0,0
8192,17760.0,37,10647,17844.7,5,84.7,0,2875.0,0
8192,13920.0,29,2366,13965.88,120,45.88,0,-1080.0,0
8192,14400.0,30,2375,14425.41,120,25.41,0,-600.0,0
8192,14880.0,31,2384,14905.42,120,25.42,0,-120.0,0
8192,15360.0,32,10587,15711.31,120,351.31,0,360.0,0
8192,15840.0,33,10598,15891.53,120,51.53,0,840.0,0
8192,16320.0,34,10610,16379.82,120,59.82,0,1320.0,0
8192,16800.0,35,10620,16843.3,120,43.3,0,1800.0,0
8192,17280.0,36,10632,17339.86,120,59.86,0,2280.0,0
8192,17760.0,37,10647,17844.7,120,84.7,0,2760.0,0
8192,13920.0,29,2366,13965.88,240,45.88,0,-1200.0,0
8192,14400.0,30,2375,14425.41,240,25.41,0,-720.0,0
8192,14880.0,31,2384,14905.42,240,25.42,0,-240.0,0
8192,15360.0,32,10587,15831.31,240,471.31,0,240.0,0
8192,15840.0,33,10598,15891.53,240,51.53,0,720.0,0
8192,16320.0,34,10610,16379.82,240,59.82,0,1200.0,0
8192,16800.0,35,10620,16843.3,240,43.3,0,1680.0,0
8192,17280.0,36,10632,17339.86,240,59.86,0,2160.0,0
8192,17760.0,37,10647,17844.7,240,84.7,0,2640.0,0
8192,13920.0,29,2366,13965.88,360,45.88,0,-1320.0,0
8192,14400.0,30,2375,14425.41,360,25.41,0,-840.0,0
8192,14880.0,31,2384,14905.42,360,25.42,0,-360.0,0
8192,15360.0,32,10597,15957.49,360,597.49,1,120.0,0
8192,15840.0,33,10598,15957.49,360,117.49,0,600.0,0
8192,16320.0,34,10610,16379.82,360,59.82,0,1080.0,0
8192,16800.0,35,10620,16843.3,360,43.3,0,1560.0,0
8192,17280.0,36,10632,17339.86,360,59.86,0,2040.0,0
8192,17760.0,37,10647,17844.7,360,84.7,0,2520.0,0
8192,13920.0,29,2366,13965.88,470,45.88,0,-1430.0,0
8192,14400.0,30,2375,14425.41,470,25.41,0,-950.0,0
8192,14880.0,31,2384,14905.42,470,25.42,0,-470.0,0
8192,15360.0,32,10597,16067.49,470,707.49,1,10.0,0
8192,15840.0,33,10598,16067.49,470,227.49,0,490.0,0
8192,16320.0,34,10610,16379.82,470,59.82,0,970.0,0
8192,16800.0,35,10620,16843.3,470,43.3,0,1450.0,0
8192,17280.0,36,10632,17339.86,470,59.86,0,1930.0,0
8192,17760.0,37,10647,17844.7,470,84.7,0,2410.0,0
