2026/08/12 20:03:07.807, 3, GPU-4de6f6ed-95ca-f7eb-8394-f1822712fff3, NVIDIA GeForce RTX 3090, 0, 22330, 159.35
2026/08/12 20:03:08.038, 3, GPU-4de6f6ed-95ca-f7eb-8394-f1822712fff3, NVIDIA GeForce RTX 3090, 0, 22330, 159.35
2026/08/12 20:03:08.239, 3, GPU-4de6f6ed-95ca-f7eb-8394-f1822712fff3, NVIDIA GeForce RTX 3090, 0, 22330, 159.35
2026/08/12 20:03:08.440, 3, GPU-4de6f6ed-95ca-f7eb-8394-f1822712fff3, NVIDIA GeForce RTX 3090, 0, 22330, 127.91
2026/08/12 20:03:08.640, 3, GPU-4de6f6ed-95ca-f7eb-8394-f1822712fff3, NVIDIA GeForce RTX 3090, 0, 22330, 127.91
2026/08/12 20:03:08.840, 3, GPU-4de6f6ed-95ca-f7eb-8394-f1822712fff3, NVIDIA GeForce RTX 3090, 0, 22330, 127.91
2026/08/12 20:03:09.041, 3, GPU-4de6f6ed-95ca-f7eb-8394-f1822712fff3, NVIDIA GeForce RTX 3090, 0, 22330, 127.91
2026/08/12 20:03:09.241, 3, GPU-4de6f6ed-95ca-f7eb-8394-f1822712fff3, NVIDIA GeForce RTX 3090, 0, 22330, 127.91
2026/08/12 20:03:09.442, 3, GPU-4de6f6ed-95ca-f7eb-8394-f1822712fff3, NVIDIA GeForce RTX 3090, 0, 22330, 117.57
2026/08/12 20:03:09.642, 3, GPU-4de6f6ed-95ca-f7eb-8394-f1822712fff3, NVIDIA GeForce RTX 3090, 0, 22330, 117.57
2026/08/12 20:03:09.843, 3, GPU-4de6f6ed-95ca-f7eb-8394-f1822712fff3, NVIDIA GeForce RTX 3090, 0, 22330, 117.57
2026/08/12 20:03:10.043, 3, GPU-4de6f6ed-95ca-f7eb-8394-f1822712fff3, NVIDIA GeForce RTX 3090, 0, 22330, 117.57
2026/08/12 20:03:10.243, 3, GPU-4de6f6ed-95ca-f7eb-8394-f1822712fff3, NVIDIA GeForce RTX 3090, 0, 22330, 117.57
2026/08/12 20:03:10.444, 3, GPU-4de6f6ed-95ca-f7eb-8394-f1822712fff3, NVIDIA GeForce RTX 3090, 0, 22330, 107.38
2026/08/12 20:03:10.644, 3, GPU-4de6f6ed-95ca-f7eb-8394-f1822712fff3, NVIDIA GeForce RTX 3090, 0, 22330, 107.38
2026/08/12 20:03:10.846, 3, GPU-4de6f6ed-95ca-f7eb-8394-f1822712fff3, NVIDIA GeForce RTX 3090, 0, 22330, 107.38
2026/08/12 20:03:11.046, 3, GPU-4de6f6ed-95ca-f7eb-8394-f1822712fff3, NVIDIA GeForce RTX 3090, 0, 22330, 107.38
2026/08/12 20:03:11.247, 3, GPU-4de6f6ed-95ca-f7eb-8394-f1822712fff3, NVIDIA GeForce RTX 3090, 0, 22330, 107.38
2026/08/12 20:03:11.447, 3, GPU-4de6f6ed-95ca-f7eb-8394-f1822712fff3, NVIDIA GeForce RTX 3090, 0, 22330, 107.37
2026/08/12 20:03:11.647, 3, GPU-4de6f6ed-95ca-f7eb-8394-f1822712fff3, NVIDIA GeForce RTX 3090, 0, 22330, 107.37
2026/08/12 20:03:11.848, 3, GPU-4de6f6ed-95ca-f7eb-8394-f1822712fff3, NVIDIA GeForce RTX 3090, 0, 22330, 107.37
2026/08/12 20:03:12.048, 3, GPU-4de6f6ed-95ca-f7eb-8394-f1822712fff3, NVIDIA GeForce RTX 3090, 0, 22330, 107.37
2026/08/12 20:03:12.249, 3, GPU-4de6f6ed-95ca-f7eb-8394-f1822712fff3, NVIDIA GeForce RTX 3090, 0, 22330, 107.37
2026/08/12 20:03:12.449, 3, GPU-4de6f6ed-95ca-f7eb-8394-f1822712fff3, NVIDIA GeForce RTX 3090, 0, 22330, 107.28
2026/08/12 20:03:12.649, 3, GPU-4de6f6ed-95ca-f7eb-8394-f1822712fff3, NVIDIA GeForce RTX 3090, 0, 22330, 107.28
2026/08/12 20:03:12.850, 3, GPU-4de6f6ed-95ca-f7eb-8394-f1822712fff3, NVIDIA GeForce RTX 3090, 0, 22330, 107.28
2026/08/12 20:03:13.050, 3, GPU-4de6f6ed-95ca-f7eb-8394-f1822712fff3, NVIDIA GeForce RTX 3090, 0, 22330, 107.28
2026/08/12 20:03:13.250, 3, GPU-4de6f6ed-95ca-f7eb-8394-f1822712fff3, NVIDIA GeForce RTX 3090, 0, 22330, 107.28
2026/08/12 20:03:13.451, 3, GPU-4de6f6ed-95ca-f7eb-8394-f1822712fff3, NVIDIA GeForce RTX 3090, 0, 22330, 107.14
2026/08/12 20:03:13.651, 3, GPU-4de6f6ed-95ca-f7eb-8394-f1822712fff3, NVIDIA GeForce RTX 3090, 0, 22330, 107.14
2026/08/12 20:03:13.852, 3, GPU-4de6f6ed-95ca-f7eb-8394-f1822712fff3, NVIDIA GeForce RTX 3090, 0, 22330, 107.14
2026/08/12 20:03:14.052, 3, GPU-4de6f6ed-95ca-f7eb-8394-f1822712fff3, NVIDIA GeForce RTX 3090, 0, 22330, 107.14
2026/08/12 20:03:14.252, 3, GPU-4de6f6ed-95ca-f7eb-8394-f1822712fff3, NVIDIA GeForce RTX 3090, 0, 22330, 107.14
2026/08/12 20:03:14.453, 3, GPU-4de6f6ed-95ca-f7eb-8394-f1822712fff3, NVIDIA GeForce RTX 3090, 0, 22330, 107.25
2026/08/12 20:03:14.653, 3, GPU-4de6f6ed-95ca-f7eb-8394-f1822712fff3, NVIDIA GeForce RTX 3090, 0, 22330, 107.25
2026/08/12 20:03:14.854, 3, GPU-4de6f6ed-95ca-f7eb-8394-f1822712fff3, NVIDIA GeForce RTX 3090, 0, 22330, 107.25
2026/08/12 20:03:15.054, 3, GPU-4de6f6ed-95ca-f7eb-8394-f1822712fff3, NVIDIA GeForce RTX 3090, 0, 22330, 107.25
2026/08/12 20:03:15.255, 3, GPU-4de6f6ed-95ca-f7eb-8394-f1822712fff3, NVIDIA GeForce RTX 3090, 0, 22330, 107.25
2026/08/12 20:03:15.455, 3, GPU-4de6f6ed-95ca-f7eb-8394-f1822712fff3, NVIDIA GeForce RTX 3090, 0, 22330, 107.40
2026/08/12 20:03:15.656, 3, GPU-4de6f6ed-95ca-f7eb-8394-f1822712fff3, NVIDIA GeForce RTX 3090, 0, 22330, 107.40
2026/08/12 20:03:15.856, 3, GPU-4de6f6ed-95ca-f7eb-8394-f1822712fff3, NVIDIA GeForce RTX 3090, 0, 22330, 107.40
2026/08/12 20:03:16.057, 3, GPU-4de6f6ed-95ca-f7eb-8394-f1822712fff3, NVIDIA GeForce RTX 3090, 0, 22330, 107.40
2026/08/12 20:03:16.257, 3, GPU-4de6f6ed-95ca-f7eb-8394-f1822712fff3, NVIDIA GeForce RTX 3090, 0, 22330, 107.40
2026/08/12 20:03:16.458, 3, GPU-4de6f6ed-95ca-f7eb-8394-f1822712fff3, NVIDIA GeForce RTX 3090, 0, 22330, 107.46
2026/08/12 20:03:16.658, 3, GPU-4de6f6ed-95ca-f7eb-8394-f1822712fff3, NVIDIA GeForce RTX 3090, 0, 22330, 107.46
2026/08/12 20:03:16.859, 3, GPU-4de6f6ed-95ca-f7eb-8394-f1822712fff3, NVIDIA GeForce RTX 3090, 0, 22330, 107.46
2026/08/12 20:03:17.059, 3, GPU-4de6f6ed-95ca-f7eb-8394-f1822712fff3, NVIDIA GeForce RTX 3090, 0, 22330, 107.46
2026/08/12 20:03:17.260, 3, GPU-4de6f6ed-95ca-f7eb-8394-f1822712fff3, NVIDIA GeForce RTX 3090, 0, 22330, 107.46
2026/08/12 20:03:17.460, 3, GPU-4de6f6ed-95ca-f7eb-8394-f1822712fff3, NVIDIA GeForce RTX 3090, 0, 22330, 107.43
2026/08/12 20:03:17.661, 3, GPU-4de6f6ed-95ca-f7eb-8394-f1822712fff3, NVIDIA GeForce RTX 3090, 0, 22330, 107.43
2026/08/12 20:03:17.861, 3, GPU-4de6f6ed-95ca-f7eb-8394-f1822712fff3, NVIDIA GeForce RTX 3090, 0, 22330, 107.43
2026/08/12 20:03:18.062, 3, GPU-4de6f6ed-95ca-f7eb-8394-f1822712fff3, NVIDIA GeForce RTX 3090, 0, 22330, 107.43
2026/08/12 20:03:18.262, 3, GPU-4de6f6ed-95ca-f7eb-8394-f1822712fff3, NVIDIA GeForce RTX 3090, 0, 22330, 107.43
2026/08/12 20:03:18.463, 3, GPU-4de6f6ed-95ca-f7eb-8394-f1822712fff3, NVIDIA GeForce RTX 3090, 0, 22330, 107.42
2026/08/12 20:03:18.663, 3, GPU-4de6f6ed-95ca-f7eb-8394-f1822712fff3, NVIDIA GeForce RTX 3090, 0, 22330, 107.42
2026/08/12 20:03:18.863, 3, GPU-4de6f6ed-95ca-f7eb-8394-f1822712fff3, NVIDIA GeForce RTX 3090, 0, 22330, 107.42
2026/08/12 20:03:19.064, 3, GPU-4de6f6ed-95ca-f7eb-8394-f1822712fff3, NVIDIA GeForce RTX 3090, 0, 22330, 107.42
2026/08/12 20:03:19.264, 3, GPU-4de6f6ed-95ca-f7eb-8394-f1822712fff3, NVIDIA GeForce RTX 3090, 0, 22330, 107.42
2026/08/12 20:03:19.465, 3, GPU-4de6f6ed-95ca-f7eb-8394-f1822712fff3, NVIDIA GeForce RTX 3090, 0, 22330, 152.15
2026/08/12 20:03:19.665, 3, GPU-4de6f6ed-95ca-f7eb-8394-f1822712fff3, NVIDIA GeForce RTX 3090, 0, 22330, 152.15
2026/08/12 20:03:19.866, 3, GPU-4de6f6ed-95ca-f7eb-8394-f1822712fff3, NVIDIA GeForce RTX 3090, 0, 22330, 152.15
2026/08/12 20:03:20.066, 3, GPU-4de6f6ed-95ca-f7eb-8394-f1822712fff3, NVIDIA GeForce RTX 3090, 90, 22330, 198.74
2026/08/12 20:03:20.266, 3, GPU-4de6f6ed-95ca-f7eb-8394-f1822712fff3, NVIDIA GeForce RTX 3090, 90, 22330, 198.74
2026/08/12 20:03:20.467, 3, GPU-4de6f6ed-95ca-f7eb-8394-f1822712fff3, NVIDIA GeForce RTX 3090, 90, 22332, 304.91
2026/08/12 20:03:20.667, 3, GPU-4de6f6ed-95ca-f7eb-8394-f1822712fff3, NVIDIA GeForce RTX 3090, 90, 22332, 304.91
2026/08/12 20:03:20.868, 3, GPU-4de6f6ed-95ca-f7eb-8394-f1822712fff3, NVIDIA GeForce RTX 3090, 90, 22332, 304.91
2026/08/12 20:03:21.068, 3, GPU-4de6f6ed-95ca-f7eb-8394-f1822712fff3, NVIDIA GeForce RTX 3090, 93, 22334, 307.95
2026/08/12 20:03:21.269, 3, GPU-4de6f6ed-95ca-f7eb-8394-f1822712fff3, NVIDIA GeForce RTX 3090, 93, 22336, 307.95
2026/08/12 20:03:21.469, 3, GPU-4de6f6ed-95ca-f7eb-8394-f1822712fff3, NVIDIA GeForce RTX 3090, 93, 22336, 308.03
2026/08/12 20:03:21.670, 3, GPU-4de6f6ed-95ca-f7eb-8394-f1822712fff3, NVIDIA GeForce RTX 3090, 93, 22336, 308.03
2026/08/12 20:03:21.870, 3, GPU-4de6f6ed-95ca-f7eb-8394-f1822712fff3, NVIDIA GeForce RTX 3090, 93, 22336, 308.03
2026/08/12 20:03:22.070, 3, GPU-4de6f6ed-95ca-f7eb-8394-f1822712fff3, NVIDIA GeForce RTX 3090, 92, 22336, 305.98
2026/08/12 20:03:22.271, 3, GPU-4de6f6ed-95ca-f7eb-8394-f1822712fff3, NVIDIA GeForce RTX 3090, 92, 22336, 305.98
2026/08/12 20:03:22.471, 3, GPU-4de6f6ed-95ca-f7eb-8394-f1822712fff3, NVIDIA GeForce RTX 3090, 92, 22336, 307.97
2026/08/12 20:03:22.672, 3, GPU-4de6f6ed-95ca-f7eb-8394-f1822712fff3, NVIDIA GeForce RTX 3090, 92, 22336, 307.97
2026/08/12 20:03:22.872, 3, GPU-4de6f6ed-95ca-f7eb-8394-f1822712fff3, NVIDIA GeForce RTX 3090, 92, 22336, 307.97
2026/08/12 20:03:23.072, 3, GPU-4de6f6ed-95ca-f7eb-8394-f1822712fff3, NVIDIA GeForce RTX 3090, 93, 22336, 313.31
2026/08/12 20:03:23.273, 3, GPU-4de6f6ed-95ca-f7eb-8394-f1822712fff3, NVIDIA GeForce RTX 3090, 93, 22338, 313.31
2026/08/12 20:03:23.473, 3, GPU-4de6f6ed-95ca-f7eb-8394-f1822712fff3, NVIDIA GeForce RTX 3090, 93, 22338, 311.93
2026/08/12 20:03:23.674, 3, GPU-4de6f6ed-95ca-f7eb-8394-f1822712fff3, NVIDIA GeForce RTX 3090, 93, 22338, 311.93
2026/08/12 20:03:23.874, 3, GPU-4de6f6ed-95ca-f7eb-8394-f1822712fff3, NVIDIA GeForce RTX 3090, 93, 22338, 311.93
2026/08/12 20:03:24.075, 3, GPU-4de6f6ed-95ca-f7eb-8394-f1822712fff3, NVIDIA GeForce RTX 3090, 59, 22338, 308.74
2026/08/12 20:03:24.275, 3, GPU-4de6f6ed-95ca-f7eb-8394-f1822712fff3, NVIDIA GeForce RTX 3090, 59, 22338, 308.74
2026/08/12 20:03:24.475, 3, GPU-4de6f6ed-95ca-f7eb-8394-f1822712fff3, NVIDIA GeForce RTX 3090, 59, 22340, 310.92
2026/08/12 20:03:24.676, 3, GPU-4de6f6ed-95ca-f7eb-8394-f1822712fff3, NVIDIA GeForce RTX 3090, 59, 22340, 310.92
2026/08/12 20:03:24.876, 3, GPU-4de6f6ed-95ca-f7eb-8394-f1822712fff3, NVIDIA GeForce RTX 3090, 59, 22340, 310.92
2026/08/12 20:03:25.077, 3, GPU-4de6f6ed-95ca-f7eb-8394-f1822712fff3, NVIDIA GeForce RTX 3090, 94, 22340, 307.62
2026/08/12 20:03:25.277, 3, GPU-4de6f6ed-95ca-f7eb-8394-f1822712fff3, NVIDIA GeForce RTX 3090, 94, 22342, 307.62
2026/08/12 20:03:25.477, 3, GPU-4de6f6ed-95ca-f7eb-8394-f1822712fff3, NVIDIA GeForce RTX 3090, 94, 22342, 311.63
2026/08/12 20:03:25.678, 3, GPU-4de6f6ed-95ca-f7eb-8394-f1822712fff3, NVIDIA GeForce RTX 3090, 94, 22342, 311.63
2026/08/12 20:03:25.878, 3, GPU-4de6f6ed-95ca-f7eb-8394-f1822712fff3, NVIDIA GeForce RTX 3090, 94, 22342, 311.63
2026/08/12 20:03:26.078, 3, GPU-4de6f6ed-95ca-f7eb-8394-f1822712fff3, NVIDIA GeForce RTX 3090, 88, 22342, 313.09
2026/08/12 20:03:26.279, 3, GPU-4de6f6ed-95ca-f7eb-8394-f1822712fff3, NVIDIA GeForce RTX 3090, 88, 22342, 313.09
2026/08/12 20:03:26.479, 3, GPU-4de6f6ed-95ca-f7eb-8394-f1822712fff3, NVIDIA GeForce RTX 3090, 88, 22342, 313.09
2026/08/12 20:03:26.680, 3, GPU-4de6f6ed-95ca-f7eb-8394-f1822712fff3, NVIDIA GeForce RTX 3090, 88, 22344, 313.09
2026/08/12 20:03:26.880, 3, GPU-4de6f6ed-95ca-f7eb-8394-f1822712fff3, NVIDIA GeForce RTX 3090, 88, 22344, 313.09
2026/08/12 20:03:27.081, 3, GPU-4de6f6ed-95ca-f7eb-8394-f1822712fff3, NVIDIA GeForce RTX 3090, 88, 22344, 310.86
2026/08/12 20:03:27.281, 3, GPU-4de6f6ed-95ca-f7eb-8394-f1822712fff3, NVIDIA GeForce RTX 3090, 88, 22344, 310.86
2026/08/12 20:03:27.481, 3, GPU-4de6f6ed-95ca-f7eb-8394-f1822712fff3, NVIDIA GeForce RTX 3090, 90, 22344, 312.22
2026/08/12 20:03:27.682, 3, GPU-4de6f6ed-95ca-f7eb-8394-f1822712fff3, NVIDIA GeForce RTX 3090, 90, 22344, 312.22
2026/08/12 20:03:27.882, 3, GPU-4de6f6ed-95ca-f7eb-8394-f1822712fff3, NVIDIA GeForce RTX 3090, 90, 22346, 312.22
2026/08/12 20:03:28.083, 3, GPU-4de6f6ed-95ca-f7eb-8394-f1822712fff3, NVIDIA GeForce RTX 3090, 90, 22346, 312.05
2026/08/12 20:03:28.283, 3, GPU-4de6f6ed-95ca-f7eb-8394-f1822712fff3, NVIDIA GeForce RTX 3090, 90, 22346, 312.05
2026/08/12 20:03:28.484, 3, GPU-4de6f6ed-95ca-f7eb-8394-f1822712fff3, NVIDIA GeForce RTX 3090, 91, 22346, 311.84
2026/08/12 20:03:28.684, 3, GPU-4de6f6ed-95ca-f7eb-8394-f1822712fff3, NVIDIA GeForce RTX 3090, 91, 22346, 311.84
2026/08/12 20:03:28.885, 3, GPU-4de6f6ed-95ca-f7eb-8394-f1822712fff3, NVIDIA GeForce RTX 3090, 91, 22348, 311.84
2026/08/12 20:03:29.085, 3, GPU-4de6f6ed-95ca-f7eb-8394-f1822712fff3, NVIDIA GeForce RTX 3090, 91, 22348, 309.91
2026/08/12 20:03:29.285, 3, GPU-4de6f6ed-95ca-f7eb-8394-f1822712fff3, NVIDIA GeForce RTX 3090, 91, 22348, 309.91
2026/08/12 20:03:29.486, 3, GPU-4de6f6ed-95ca-f7eb-8394-f1822712fff3, NVIDIA GeForce RTX 3090, 92, 22348, 310.67
2026/08/12 20:03:29.686, 3, GPU-4de6f6ed-95ca-f7eb-8394-f1822712fff3, NVIDIA GeForce RTX 3090, 92, 22348, 310.67
2026/08/12 20:03:29.887, 3, GPU-4de6f6ed-95ca-f7eb-8394-f1822712fff3, NVIDIA GeForce RTX 3090, 92, 22348, 310.67
2026/08/12 20:03:30.087, 3, GPU-4de6f6ed-95ca-f7eb-8394-f1822712fff3, NVIDIA GeForce RTX 3090, 92, 22348, 310.95
2026/08/12 20:03:30.287, 3, GPU-4de6f6ed-95ca-f7eb-8394-f1822712fff3, NVIDIA GeForce RTX 3090, 92, 22350, 310.95
2026/08/12 20:03:30.488, 3, GPU-4de6f6ed-95ca-f7eb-8394-f1822712fff3, NVIDIA GeForce RTX 3090, 93, 22350, 311.79
2026/08/12 20:03:30.688, 3, GPU-4de6f6ed-95ca-f7eb-8394-f1822712fff3, NVIDIA GeForce RTX 3090, 93, 22350, 311.79
2026/08/12 20:03:30.888, 3, GPU-4de6f6ed-95ca-f7eb-8394-f1822712fff3, NVIDIA GeForce RTX 3090, 93, 22350, 311.79
2026/08/12 20:03:31.089, 3, GPU-4de6f6ed-95ca-f7eb-8394-f1822712fff3, NVIDIA GeForce RTX 3090, 93, 22350, 310.61
2026/08/12 20:03:31.289, 3, GPU-4de6f6ed-95ca-f7eb-8394-f1822712fff3, NVIDIA GeForce RTX 3090, 93, 22350, 310.61
2026/08/12 20:03:31.490, 3, GPU-4de6f6ed-95ca-f7eb-8394-f1822712fff3, NVIDIA GeForce RTX 3090, 90, 22352, 312.24
2026/08/12 20:03:31.690, 3, GPU-4de6f6ed-95ca-f7eb-8394-f1822712fff3, NVIDIA GeForce RTX 3090, 90, 22352, 312.24
2026/08/12 20:03:31.891, 3, GPU-4de6f6ed-95ca-f7eb-8394-f1822712fff3, NVIDIA GeForce RTX 3090, 90, 22352, 312.24
2026/08/12 20:03:32.091, 3, GPU-4de6f6ed-95ca-f7eb-8394-f1822712fff3, NVIDIA GeForce RTX 3090, 90, 22352, 312.55
2026/08/12 20:03:32.291, 3, GPU-4de6f6ed-95ca-f7eb-8394-f1822712fff3, NVIDIA GeForce RTX 3090, 90, 22352, 312.55
2026/08/12 20:03:32.492, 3, GPU-4de6f6ed-95ca-f7eb-8394-f1822712fff3, NVIDIA GeForce RTX 3090, 91, 22352, 311.95
2026/08/12 20:03:32.692, 3, GPU-4de6f6ed-95ca-f7eb-8394-f1822712fff3, NVIDIA GeForce RTX 3090, 91, 22352, 311.95
2026/08/12 20:03:32.893, 3, GPU-4de6f6ed-95ca-f7eb-8394-f1822712fff3, NVIDIA GeForce RTX 3090, 91, 22352, 311.95
2026/08/12 20:03:33.093, 3, GPU-4de6f6ed-95ca-f7eb-8394-f1822712fff3, NVIDIA GeForce RTX 3090, 91, 22354, 312.91
2026/08/12 20:03:33.294, 3, GPU-4de6f6ed-95ca-f7eb-8394-f1822712fff3, NVIDIA GeForce RTX 3090, 91, 22354, 312.91
2026/08/12 20:03:33.494, 3, GPU-4de6f6ed-95ca-f7eb-8394-f1822712fff3, NVIDIA GeForce RTX 3090, 89, 22354, 313.16
2026/08/12 20:03:33.694, 3, GPU-4de6f6ed-95ca-f7eb-8394-f1822712fff3, NVIDIA GeForce RTX 3090, 89, 22354, 313.16
2026/08/12 20:03:33.895, 3, GPU-4de6f6ed-95ca-f7eb-8394-f1822712fff3, NVIDIA GeForce RTX 3090, 89, 22354, 313.16
2026/08/12 20:03:34.095, 3, GPU-4de6f6ed-95ca-f7eb-8394-f1822712fff3, NVIDIA GeForce RTX 3090, 89, 22354, 313.66
2026/08/12 20:03:34.296, 3, GPU-4de6f6ed-95ca-f7eb-8394-f1822712fff3, NVIDIA GeForce RTX 3090, 89, 22354, 313.66
2026/08/12 20:03:34.496, 3, GPU-4de6f6ed-95ca-f7eb-8394-f1822712fff3, NVIDIA GeForce RTX 3090, 92, 22356, 312.32
2026/08/12 20:03:34.696, 3, GPU-4de6f6ed-95ca-f7eb-8394-f1822712fff3, NVIDIA GeForce RTX 3090, 92, 22356, 312.32
2026/08/12 20:03:34.897, 3, GPU-4de6f6ed-95ca-f7eb-8394-f1822712fff3, NVIDIA GeForce RTX 3090, 92, 22356, 312.32
2026/08/12 20:03:35.097, 3, GPU-4de6f6ed-95ca-f7eb-8394-f1822712fff3, NVIDIA GeForce RTX 3090, 92, 22356, 311.50
2026/08/12 20:03:35.298, 3, GPU-4de6f6ed-95ca-f7eb-8394-f1822712fff3, NVIDIA GeForce RTX 3090, 92, 22358, 311.50
2026/08/12 20:03:35.498, 3, GPU-4de6f6ed-95ca-f7eb-8394-f1822712fff3, NVIDIA GeForce RTX 3090, 91, 22358, 311.63
2026/08/12 20:03:35.698, 3, GPU-4de6f6ed-95ca-f7eb-8394-f1822712fff3, NVIDIA GeForce RTX 3090, 91, 22358, 311.63
2026/08/12 20:03:35.899, 3, GPU-4de6f6ed-95ca-f7eb-8394-f1822712fff3, NVIDIA GeForce RTX 3090, 91, 22358, 311.63
2026/08/12 20:03:36.099, 3, GPU-4de6f6ed-95ca-f7eb-8394-f1822712fff3, NVIDIA GeForce RTX 3090, 91, 22358, 312.57
2026/08/12 20:03:36.300, 3, GPU-4de6f6ed-95ca-f7eb-8394-f1822712fff3, NVIDIA GeForce RTX 3090, 91, 22358, 312.57
2026/08/12 20:03:36.500, 3, GPU-4de6f6ed-95ca-f7eb-8394-f1822712fff3, NVIDIA GeForce RTX 3090, 92, 22358, 313.35
2026/08/12 20:03:36.701, 3, GPU-4de6f6ed-95ca-f7eb-8394-f1822712fff3, NVIDIA GeForce RTX 3090, 92, 22360, 313.35
2026/08/12 20:03:36.901, 3, GPU-4de6f6ed-95ca-f7eb-8394-f1822712fff3, NVIDIA GeForce RTX 3090, 92, 22360, 313.35
2026/08/12 20:03:37.101, 3, GPU-4de6f6ed-95ca-f7eb-8394-f1822712fff3, NVIDIA GeForce RTX 3090, 92, 22360, 312.67
2026/08/12 20:03:37.302, 3, GPU-4de6f6ed-95ca-f7eb-8394-f1822712fff3, NVIDIA GeForce RTX 3090, 92, 22360, 312.67
2026/08/12 20:03:37.502, 3, GPU-4de6f6ed-95ca-f7eb-8394-f1822712fff3, NVIDIA GeForce RTX 3090, 91, 22360, 312.83
2026/08/12 20:03:37.703, 3, GPU-4de6f6ed-95ca-f7eb-8394-f1822712fff3, NVIDIA GeForce RTX 3090, 91, 22360, 312.83
2026/08/12 20:03:37.903, 3, GPU-4de6f6ed-95ca-f7eb-8394-f1822712fff3, NVIDIA GeForce RTX 3090, 91, 22362, 312.83
2026/08/12 20:03:38.103, 3, GPU-4de6f6ed-95ca-f7eb-8394-f1822712fff3, NVIDIA GeForce RTX 3090, 91, 22362, 312.10
2026/08/12 20:03:38.304, 3, GPU-4de6f6ed-95ca-f7eb-8394-f1822712fff3, NVIDIA GeForce RTX 3090, 91, 22362, 312.10
2026/08/12 20:03:38.504, 3, GPU-4de6f6ed-95ca-f7eb-8394-f1822712fff3, NVIDIA GeForce RTX 3090, 92, 22362, 310.83
2026/08/12 20:03:38.705, 3, GPU-4de6f6ed-95ca-f7eb-8394-f1822712fff3, NVIDIA GeForce RTX 3090, 92, 22362, 310.83
2026/08/12 20:03:38.905, 3, GPU-4de6f6ed-95ca-f7eb-8394-f1822712fff3, NVIDIA GeForce RTX 3090, 92, 22364, 310.83
2026/08/12 20:03:39.106, 3, GPU-4de6f6ed-95ca-f7eb-8394-f1822712fff3, NVIDIA GeForce RTX 3090, 92, 22364, 311.92
2026/08/12 20:03:39.306, 3, GPU-4de6f6ed-95ca-f7eb-8394-f1822712fff3, NVIDIA GeForce RTX 3090, 92, 22364, 311.92
2026/08/12 20:03:39.506, 3, GPU-4de6f6ed-95ca-f7eb-8394-f1822712fff3, NVIDIA GeForce RTX 3090, 91, 22364, 312.41
2026/08/12 20:03:39.707, 3, GPU-4de6f6ed-95ca-f7eb-8394-f1822712fff3, NVIDIA GeForce RTX 3090, 91, 22364, 312.41
2026/08/12 20:03:39.907, 3, GPU-4de6f6ed-95ca-f7eb-8394-f1822712fff3, NVIDIA GeForce RTX 3090, 91, 22364, 312.41
2026/08/12 20:03:40.108, 3, GPU-4de6f6ed-95ca-f7eb-8394-f1822712fff3, NVIDIA GeForce RTX 3090, 91, 22364, 311.40
2026/08/12 20:03:40.308, 3, GPU-4de6f6ed-95ca-f7eb-8394-f1822712fff3, NVIDIA GeForce RTX 3090, 91, 22366, 311.40
2026/08/12 20:03:40.508, 3, GPU-4de6f6ed-95ca-f7eb-8394-f1822712fff3, NVIDIA GeForce RTX 3090, 91, 22366, 313.24
2026/08/12 20:03:40.709, 3, GPU-4de6f6ed-95ca-f7eb-8394-f1822712fff3, NVIDIA GeForce RTX 3090, 91, 22366, 313.24
2026/08/12 20:03:40.909, 3, GPU-4de6f6ed-95ca-f7eb-8394-f1822712fff3, NVIDIA GeForce RTX 3090, 91, 22366, 313.24
2026/08/12 20:03:41.110, 3, GPU-4de6f6ed-95ca-f7eb-8394-f1822712fff3, NVIDIA GeForce RTX 3090, 91, 22366, 311.78
2026/08/12 20:03:41.310, 3, GPU-4de6f6ed-95ca-f7eb-8394-f1822712fff3, NVIDIA GeForce RTX 3090, 91, 22366, 311.78
2026/08/12 20:03:41.510, 3, GPU-4de6f6ed-95ca-f7eb-8394-f1822712fff3, NVIDIA GeForce RTX 3090, 91, 22368, 311.78
2026/08/12 20:03:41.711, 3, GPU-4de6f6ed-95ca-f7eb-8394-f1822712fff3, NVIDIA GeForce RTX 3090, 91, 22368, 311.78
2026/08/12 20:03:41.911, 3, GPU-4de6f6ed-95ca-f7eb-8394-f1822712fff3, NVIDIA GeForce RTX 3090, 91, 22368, 311.78
2026/08/12 20:03:42.111, 3, GPU-4de6f6ed-95ca-f7eb-8394-f1822712fff3, NVIDIA GeForce RTX 3090, 92, 22368, 310.55
2026/08/12 20:03:42.312, 3, GPU-4de6f6ed-95ca-f7eb-8394-f1822712fff3, NVIDIA GeForce RTX 3090, 92, 22368, 310.55
2026/08/12 20:03:42.512, 3, GPU-4de6f6ed-95ca-f7eb-8394-f1822712fff3, NVIDIA GeForce RTX 3090, 92, 22368, 310.29
2026/08/12 20:03:42.713, 3, GPU-4de6f6ed-95ca-f7eb-8394-f1822712fff3, NVIDIA GeForce RTX 3090, 92, 22368, 310.29
2026/08/12 20:03:42.913, 3, GPU-4de6f6ed-95ca-f7eb-8394-f1822712fff3, NVIDIA GeForce RTX 3090, 92, 22370, 310.29
2026/08/12 20:03:43.113, 3, GPU-4de6f6ed-95ca-f7eb-8394-f1822712fff3, NVIDIA GeForce RTX 3090, 91, 22370, 309.61
2026/08/12 20:03:43.314, 3, GPU-4de6f6ed-95ca-f7eb-8394-f1822712fff3, NVIDIA GeForce RTX 3090, 91, 22370, 309.61
2026/08/12 20:03:43.514, 3, GPU-4de6f6ed-95ca-f7eb-8394-f1822712fff3, NVIDIA GeForce RTX 3090, 91, 22370, 310.56
2026/08/12 20:03:43.715, 3, GPU-4de6f6ed-95ca-f7eb-8394-f1822712fff3, NVIDIA GeForce RTX 3090, 91, 22370, 310.56
2026/08/12 20:03:43.915, 3, GPU-4de6f6ed-95ca-f7eb-8394-f1822712fff3, NVIDIA GeForce RTX 3090, 91, 22370, 310.56
2026/08/12 20:03:44.115, 3, GPU-4de6f6ed-95ca-f7eb-8394-f1822712fff3, NVIDIA GeForce RTX 3090, 90, 22370, 310.62
2026/08/12 20:03:44.316, 3, GPU-4de6f6ed-95ca-f7eb-8394-f1822712fff3, NVIDIA GeForce RTX 3090, 90, 22370, 310.62
2026/08/12 20:03:44.516, 3, GPU-4de6f6ed-95ca-f7eb-8394-f1822712fff3, NVIDIA GeForce RTX 3090, 90, 22372, 310.86
2026/08/12 20:03:44.717, 3, GPU-4de6f6ed-95ca-f7eb-8394-f1822712fff3, NVIDIA GeForce RTX 3090, 90, 22372, 310.86
2026/08/12 20:03:44.917, 3, GPU-4de6f6ed-95ca-f7eb-8394-f1822712fff3, NVIDIA GeForce RTX 3090, 90, 22372, 310.86
2026/08/12 20:03:45.117, 3, GPU-4de6f6ed-95ca-f7eb-8394-f1822712fff3, NVIDIA GeForce RTX 3090, 92, 22372, 310.01
2026/08/12 20:03:45.318, 3, GPU-4de6f6ed-95ca-f7eb-8394-f1822712fff3, NVIDIA GeForce RTX 3090, 92, 22374, 310.01
2026/08/12 20:03:45.518, 3, GPU-4de6f6ed-95ca-f7eb-8394-f1822712fff3, NVIDIA GeForce RTX 3090, 92, 22374, 309.98
2026/08/12 20:03:45.719, 3, GPU-4de6f6ed-95ca-f7eb-8394-f1822712fff3, NVIDIA GeForce RTX 3090, 92, 22374, 309.98
2026/08/12 20:03:45.919, 3, GPU-4de6f6ed-95ca-f7eb-8394-f1822712fff3, NVIDIA GeForce RTX 3090, 84, 22374, 310.35
2026/08/12 20:03:46.120, 3, GPU-4de6f6ed-95ca-f7eb-8394-f1822712fff3, NVIDIA GeForce RTX 3090, 84, 22374, 310.35
2026/08/12 20:03:46.320, 3, GPU-4de6f6ed-95ca-f7eb-8394-f1822712fff3, NVIDIA GeForce RTX 3090, 84, 22374, 310.35
2026/08/12 20:03:46.520, 3, GPU-4de6f6ed-95ca-f7eb-8394-f1822712fff3, NVIDIA GeForce RTX 3090, 84, 22374, 311.42
2026/08/12 20:03:46.721, 3, GPU-4de6f6ed-95ca-f7eb-8394-f1822712fff3, NVIDIA GeForce RTX 3090, 84, 22376, 311.42
2026/08/12 20:03:46.921, 3, GPU-4de6f6ed-95ca-f7eb-8394-f1822712fff3, NVIDIA GeForce RTX 3090, 92, 22376, 313.53
2026/08/12 20:03:47.122, 3, GPU-4de6f6ed-95ca-f7eb-8394-f1822712fff3, NVIDIA GeForce RTX 3090, 92, 22376, 313.53
2026/08/12 20:03:47.322, 3, GPU-4de6f6ed-95ca-f7eb-8394-f1822712fff3, NVIDIA GeForce RTX 3090, 92, 22376, 313.53
2026/08/12 20:03:47.523, 3, GPU-4de6f6ed-95ca-f7eb-8394-f1822712fff3, NVIDIA GeForce RTX 3090, 92, 22376, 311.35
2026/08/12 20:03:47.723, 3, GPU-4de6f6ed-95ca-f7eb-8394-f1822712fff3, NVIDIA GeForce RTX 3090, 92, 22378, 311.35
2026/08/12 20:03:47.923, 3, GPU-4de6f6ed-95ca-f7eb-8394-f1822712fff3, NVIDIA GeForce RTX 3090, 90, 22378, 308.79
2026/08/12 20:03:48.124, 3, GPU-4de6f6ed-95ca-f7eb-8394-f1822712fff3, NVIDIA GeForce RTX 3090, 90, 22378, 308.79
2026/08/12 20:03:48.324, 3, GPU-4de6f6ed-95ca-f7eb-8394-f1822712fff3, NVIDIA GeForce RTX 3090, 90, 22378, 308.79
2026/08/12 20:03:48.525, 3, GPU-4de6f6ed-95ca-f7eb-8394-f1822712fff3, NVIDIA GeForce RTX 3090, 90, 22378, 309.52
2026/08/12 20:03:48.725, 3, GPU-4de6f6ed-95ca-f7eb-8394-f1822712fff3, NVIDIA GeForce RTX 3090, 90, 22378, 309.52
2026/08/12 20:03:48.926, 3, GPU-4de6f6ed-95ca-f7eb-8394-f1822712fff3, NVIDIA GeForce RTX 3090, 91, 22380, 310.32
2026/08/12 20:03:49.126, 3, GPU-4de6f6ed-95ca-f7eb-8394-f1822712fff3, NVIDIA GeForce RTX 3090, 91, 22380, 310.32
2026/08/12 20:03:49.326, 3, GPU-4de6f6ed-95ca-f7eb-8394-f1822712fff3, NVIDIA GeForce RTX 3090, 91, 22380, 310.32
2026/08/12 20:03:49.527, 3, GPU-4de6f6ed-95ca-f7eb-8394-f1822712fff3, NVIDIA GeForce RTX 3090, 91, 22380, 309.80
2026/08/12 20:03:49.727, 3, GPU-4de6f6ed-95ca-f7eb-8394-f1822712fff3, NVIDIA GeForce RTX 3090, 91, 22380, 309.80
2026/08/12 20:03:49.928, 3, GPU-4de6f6ed-95ca-f7eb-8394-f1822712fff3, NVIDIA GeForce RTX 3090, 91, 22380, 313.00
2026/08/12 20:03:50.128, 3, GPU-4de6f6ed-95ca-f7eb-8394-f1822712fff3, NVIDIA GeForce RTX 3090, 91, 22380, 313.00
2026/08/12 20:03:50.329, 3, GPU-4de6f6ed-95ca-f7eb-8394-f1822712fff3, NVIDIA GeForce RTX 3090, 91, 22382, 313.00
2026/08/12 20:03:50.529, 3, GPU-4de6f6ed-95ca-f7eb-8394-f1822712fff3, NVIDIA GeForce RTX 3090, 91, 22382, 311.70
2026/08/12 20:03:50.730, 3, GPU-4de6f6ed-95ca-f7eb-8394-f1822712fff3, NVIDIA GeForce RTX 3090, 91, 22382, 311.70
2026/08/12 20:03:50.930, 3, GPU-4de6f6ed-95ca-f7eb-8394-f1822712fff3, NVIDIA GeForce RTX 3090, 79, 22382, 309.70
2026/08/12 20:03:51.130, 3, GPU-4de6f6ed-95ca-f7eb-8394-f1822712fff3, NVIDIA GeForce RTX 3090, 79, 22382, 309.70
2026/08/12 20:03:51.331, 3, GPU-4de6f6ed-95ca-f7eb-8394-f1822712fff3, NVIDIA GeForce RTX 3090, 79, 22382, 309.70
2026/08/12 20:03:51.531, 3, GPU-4de6f6ed-95ca-f7eb-8394-f1822712fff3, NVIDIA GeForce RTX 3090, 79, 22384, 311.49
2026/08/12 20:03:51.732, 3, GPU-4de6f6ed-95ca-f7eb-8394-f1822712fff3, NVIDIA GeForce RTX 3090, 79, 22384, 311.49
2026/08/12 20:03:51.932, 3, GPU-4de6f6ed-95ca-f7eb-8394-f1822712fff3, NVIDIA GeForce RTX 3090, 80, 22384, 311.05
2026/08/12 20:03:52.133, 3, GPU-4de6f6ed-95ca-f7eb-8394-f1822712fff3, NVIDIA GeForce RTX 3090, 80, 22384, 311.05
2026/08/12 20:03:52.333, 3, GPU-4de6f6ed-95ca-f7eb-8394-f1822712fff3, NVIDIA GeForce RTX 3090, 80, 22384, 311.05
2026/08/12 20:03:52.533, 3, GPU-4de6f6ed-95ca-f7eb-8394-f1822712fff3, NVIDIA GeForce RTX 3090, 80, 22384, 310.34
2026/08/12 20:03:52.734, 3, GPU-4de6f6ed-95ca-f7eb-8394-f1822712fff3, NVIDIA GeForce RTX 3090, 80, 22384, 310.34
2026/08/12 20:03:52.934, 3, GPU-4de6f6ed-95ca-f7eb-8394-f1822712fff3, NVIDIA GeForce RTX 3090, 86, 22386, 312.97
2026/08/12 20:03:53.135, 3, GPU-4de6f6ed-95ca-f7eb-8394-f1822712fff3, NVIDIA GeForce RTX 3090, 86, 22386, 312.97
2026/08/12 20:03:53.335, 3, GPU-4de6f6ed-95ca-f7eb-8394-f1822712fff3, NVIDIA GeForce RTX 3090, 86, 22386, 312.97
2026/08/12 20:03:53.536, 3, GPU-4de6f6ed-95ca-f7eb-8394-f1822712fff3, NVIDIA GeForce RTX 3090, 86, 22386, 312.80
2026/08/12 20:03:53.736, 3, GPU-4de6f6ed-95ca-f7eb-8394-f1822712fff3, NVIDIA GeForce RTX 3090, 86, 22386, 312.80
2026/08/12 20:03:53.936, 3, GPU-4de6f6ed-95ca-f7eb-8394-f1822712fff3, NVIDIA GeForce RTX 3090, 79, 22386, 311.22
2026/08/12 20:03:54.137, 3, GPU-4de6f6ed-95ca-f7eb-8394-f1822712fff3, NVIDIA GeForce RTX 3090, 79, 22386, 311.22
2026/08/12 20:03:54.337, 3, GPU-4de6f6ed-95ca-f7eb-8394-f1822712fff3, NVIDIA GeForce RTX 3090, 79, 22388, 311.22
2026/08/12 20:03:54.538, 3, GPU-4de6f6ed-95ca-f7eb-8394-f1822712fff3, NVIDIA GeForce RTX 3090, 79, 22388, 310.91
2026/08/12 20:03:54.738, 3, GPU-4de6f6ed-95ca-f7eb-8394-f1822712fff3, NVIDIA GeForce RTX 3090, 79, 22388, 310.91
2026/08/12 20:03:54.939, 3, GPU-4de6f6ed-95ca-f7eb-8394-f1822712fff3, NVIDIA GeForce RTX 3090, 93, 22388, 314.01
2026/08/12 20:03:55.139, 3, GPU-4de6f6ed-95ca-f7eb-8394-f1822712fff3, NVIDIA GeForce RTX 3090, 93, 22388, 314.01
2026/08/12 20:03:55.339, 3, GPU-4de6f6ed-95ca-f7eb-8394-f1822712fff3, NVIDIA GeForce RTX 3090, 93, 22390, 314.01
2026/08/12 20:03:55.540, 3, GPU-4de6f6ed-95ca-f7eb-8394-f1822712fff3, NVIDIA GeForce RTX 3090, 93, 22390, 314.28
2026/08/12 20:03:55.740, 3, GPU-4de6f6ed-95ca-f7eb-8394-f1822712fff3, NVIDIA GeForce RTX 3090, 93, 22390, 314.28
2026/08/12 20:03:55.941, 3, GPU-4de6f6ed-95ca-f7eb-8394-f1822712fff3, NVIDIA GeForce RTX 3090, 80, 22390, 310.96
2026/08/12 20:03:56.141, 3, GPU-4de6f6ed-95ca-f7eb-8394-f1822712fff3, NVIDIA GeForce RTX 3090, 80, 22390, 310.96
2026/08/12 20:03:56.341, 3, GPU-4de6f6ed-95ca-f7eb-8394-f1822712fff3, NVIDIA GeForce RTX 3090, 80, 22390, 310.96
2026/08/12 20:03:56.542, 3, GPU-4de6f6ed-95ca-f7eb-8394-f1822712fff3, NVIDIA GeForce RTX 3090, 80, 22390, 310.96
2026/08/12 20:03:56.742, 3, GPU-4de6f6ed-95ca-f7eb-8394-f1822712fff3, NVIDIA GeForce RTX 3090, 80, 22392, 310.96
2026/08/12 20:03:56.943, 3, GPU-4de6f6ed-95ca-f7eb-8394-f1822712fff3, NVIDIA GeForce RTX 3090, 80, 22392, 310.71
2026/08/12 20:03:57.143, 3, GPU-4de6f6ed-95ca-f7eb-8394-f1822712fff3, NVIDIA GeForce RTX 3090, 80, 22392, 310.71
2026/08/12 20:03:57.344, 3, GPU-4de6f6ed-95ca-f7eb-8394-f1822712fff3, NVIDIA GeForce RTX 3090, 80, 22392, 310.71
2026/08/12 20:03:57.544, 3, GPU-4de6f6ed-95ca-f7eb-8394-f1822712fff3, NVIDIA GeForce RTX 3090, 83, 22392, 312.14
2026/08/12 20:03:57.744, 3, GPU-4de6f6ed-95ca-f7eb-8394-f1822712fff3, NVIDIA GeForce RTX 3090, 83, 22394, 312.14
2026/08/12 20:03:57.945, 3, GPU-4de6f6ed-95ca-f7eb-8394-f1822712fff3, NVIDIA GeForce RTX 3090, 83, 22394, 312.01
2026/08/12 20:03:58.145, 3, GPU-4de6f6ed-95ca-f7eb-8394-f1822712fff3, NVIDIA GeForce RTX 3090, 83, 22394, 312.01
2026/08/12 20:03:58.346, 3, GPU-4de6f6ed-95ca-f7eb-8394-f1822712fff3, NVIDIA GeForce RTX 3090, 83, 22394, 312.01
2026/08/12 20:03:58.546, 3, GPU-4de6f6ed-95ca-f7eb-8394-f1822712fff3, NVIDIA GeForce RTX 3090, 86, 22394, 313.26
2026/08/12 20:03:58.746, 3, GPU-4de6f6ed-95ca-f7eb-8394-f1822712fff3, NVIDIA GeForce RTX 3090, 86, 22394, 313.26
2026/08/12 20:03:58.947, 3, GPU-4de6f6ed-95ca-f7eb-8394-f1822712fff3, NVIDIA GeForce RTX 3090, 86, 22396, 311.41
2026/08/12 20:03:59.147, 3, GPU-4de6f6ed-95ca-f7eb-8394-f1822712fff3, NVIDIA GeForce RTX 3090, 86, 22396, 311.41
2026/08/12 20:03:59.348, 3, GPU-4de6f6ed-95ca-f7eb-8394-f1822712fff3, NVIDIA GeForce RTX 3090, 86, 22396, 311.41
2026/08/12 20:03:59.548, 3, GPU-4de6f6ed-95ca-f7eb-8394-f1822712fff3, NVIDIA GeForce RTX 3090, 81, 22396, 309.53
2026/08/12 20:03:59.748, 3, GPU-4de6f6ed-95ca-f7eb-8394-f1822712fff3, NVIDIA GeForce RTX 3090, 81, 22396, 309.53
2026/08/12 20:03:59.949, 3, GPU-4de6f6ed-95ca-f7eb-8394-f1822712fff3, NVIDIA GeForce RTX 3090, 81, 22396, 311.12
2026/08/12 20:04:00.149, 3, GPU-4de6f6ed-95ca-f7eb-8394-f1822712fff3, NVIDIA GeForce RTX 3090, 81, 22398, 311.12
2026/08/12 20:04:00.350, 3, GPU-4de6f6ed-95ca-f7eb-8394-f1822712fff3, NVIDIA GeForce RTX 3090, 81, 22398, 311.12
2026/08/12 20:04:00.550, 3, GPU-4de6f6ed-95ca-f7eb-8394-f1822712fff3, NVIDIA GeForce RTX 3090, 82, 22398, 311.10
2026/08/12 20:04:00.750, 3, GPU-4de6f6ed-95ca-f7eb-8394-f1822712fff3, NVIDIA GeForce RTX 3090, 82, 22398, 311.10
2026/08/12 20:04:00.951, 3, GPU-4de6f6ed-95ca-f7eb-8394-f1822712fff3, NVIDIA GeForce RTX 3090, 82, 22398, 311.41
2026/08/12 20:04:01.151, 3, GPU-4de6f6ed-95ca-f7eb-8394-f1822712fff3, NVIDIA GeForce RTX 3090, 82, 22398, 311.41
2026/08/12 20:04:01.352, 3, GPU-4de6f6ed-95ca-f7eb-8394-f1822712fff3, NVIDIA GeForce RTX 3090, 82, 22398, 311.41
2026/08/12 20:04:01.552, 3, GPU-4de6f6ed-95ca-f7eb-8394-f1822712fff3, NVIDIA GeForce RTX 3090, 82, 22400, 310.27
2026/08/12 20:04:01.752, 3, GPU-4de6f6ed-95ca-f7eb-8394-f1822712fff3, NVIDIA GeForce RTX 3090, 82, 22400, 310.27
2026/08/12 20:04:01.953, 3, GPU-4de6f6ed-95ca-f7eb-8394-f1822712fff3, NVIDIA GeForce RTX 3090, 82, 22400, 310.60
2026/08/12 20:04:02.153, 3, GPU-4de6f6ed-95ca-f7eb-8394-f1822712fff3, NVIDIA GeForce RTX 3090, 82, 22400, 310.60
2026/08/12 20:04:02.353, 3, GPU-4de6f6ed-95ca-f7eb-8394-f1822712fff3, NVIDIA GeForce RTX 3090, 82, 22400, 310.60
2026/08/12 20:04:02.554, 3, GPU-4de6f6ed-95ca-f7eb-8394-f1822712fff3, NVIDIA GeForce RTX 3090, 81, 22400, 310.86
2026/08/12 20:04:02.754, 3, GPU-4de6f6ed-95ca-f7eb-8394-f1822712fff3, NVIDIA GeForce RTX 3090, 81, 22402, 310.86
2026/08/12 20:04:02.955, 3, GPU-4de6f6ed-95ca-f7eb-8394-f1822712fff3, NVIDIA GeForce RTX 3090, 81, 22402, 313.67
2026/08/12 20:04:03.155, 3, GPU-4de6f6ed-95ca-f7eb-8394-f1822712fff3, NVIDIA GeForce RTX 3090, 81, 22402, 313.67
2026/08/12 20:04:03.355, 3, GPU-4de6f6ed-95ca-f7eb-8394-f1822712fff3, NVIDIA GeForce RTX 3090, 81, 22402, 313.67
2026/08/12 20:04:03.556, 3, GPU-4de6f6ed-95ca-f7eb-8394-f1822712fff3, NVIDIA GeForce RTX 3090, 78, 22402, 310.80
2026/08/12 20:04:03.756, 3, GPU-4de6f6ed-95ca-f7eb-8394-f1822712fff3, NVIDIA GeForce RTX 3090, 78, 22402, 310.80
2026/08/12 20:04:03.956, 3, GPU-4de6f6ed-95ca-f7eb-8394-f1822712fff3, NVIDIA GeForce RTX 3090, 78, 22404, 309.89
2026/08/12 20:04:04.157, 3, GPU-4de6f6ed-95ca-f7eb-8394-f1822712fff3, NVIDIA GeForce RTX 3090, 78, 22404, 309.89
2026/08/12 20:04:04.357, 3, GPU-4de6f6ed-95ca-f7eb-8394-f1822712fff3, NVIDIA GeForce RTX 3090, 78, 22404, 309.89
2026/08/12 20:04:04.558, 3, GPU-4de6f6ed-95ca-f7eb-8394-f1822712fff3, NVIDIA GeForce RTX 3090, 83, 22404, 312.02
2026/08/12 20:04:04.758, 3, GPU-4de6f6ed-95ca-f7eb-8394-f1822712fff3, NVIDIA GeForce RTX 3090, 83, 22404, 312.02
2026/08/12 20:04:04.958, 3, GPU-4de6f6ed-95ca-f7eb-8394-f1822712fff3, NVIDIA GeForce RTX 3090, 83, 22404, 311.10
2026/08/12 20:04:05.159, 3, GPU-4de6f6ed-95ca-f7eb-8394-f1822712fff3, NVIDIA GeForce RTX 3090, 83, 22404, 311.10
2026/08/12 20:04:05.359, 3, GPU-4de6f6ed-95ca-f7eb-8394-f1822712fff3, NVIDIA GeForce RTX 3090, 83, 22406, 311.10
2026/08/12 20:04:05.560, 3, GPU-4de6f6ed-95ca-f7eb-8394-f1822712fff3, NVIDIA GeForce RTX 3090, 84, 22406, 312.23
2026/08/12 20:04:05.760, 3, GPU-4de6f6ed-95ca-f7eb-8394-f1822712fff3, NVIDIA GeForce RTX 3090, 84, 22406, 312.23
2026/08/12 20:04:05.961, 3, GPU-4de6f6ed-95ca-f7eb-8394-f1822712fff3, NVIDIA GeForce RTX 3090, 84, 22406, 312.03
2026/08/12 20:04:06.161, 3, GPU-4de6f6ed-95ca-f7eb-8394-f1822712fff3, NVIDIA GeForce RTX 3090, 84, 22406, 312.03
2026/08/12 20:04:06.361, 3, GPU-4de6f6ed-95ca-f7eb-8394-f1822712fff3, NVIDIA GeForce RTX 3090, 84, 22406, 312.03
2026/08/12 20:04:06.562, 3, GPU-4de6f6ed-95ca-f7eb-8394-f1822712fff3, NVIDIA GeForce RTX 3090, 78, 22406, 310.65
2026/08/12 20:04:06.762, 3, GPU-4de6f6ed-95ca-f7eb-8394-f1822712fff3, NVIDIA GeForce RTX 3090, 78, 22408, 310.65
2026/08/12 20:04:06.962, 3, GPU-4de6f6ed-95ca-f7eb-8394-f1822712fff3, NVIDIA GeForce RTX 3090, 78, 22408, 313.38
2026/08/12 20:04:07.163, 3, GPU-4de6f6ed-95ca-f7eb-8394-f1822712fff3, NVIDIA GeForce RTX 3090, 78, 22408, 313.38
2026/08/12 20:04:07.363, 3, GPU-4de6f6ed-95ca-f7eb-8394-f1822712fff3, NVIDIA GeForce RTX 3090, 78, 22408, 313.38
2026/08/12 20:04:07.564, 3, GPU-4de6f6ed-95ca-f7eb-8394-f1822712fff3, NVIDIA GeForce RTX 3090, 81, 22408, 311.26
2026/08/12 20:04:07.764, 3, GPU-4de6f6ed-95ca-f7eb-8394-f1822712fff3, NVIDIA GeForce RTX 3090, 81, 22410, 311.26
2026/08/12 20:04:07.964, 3, GPU-4de6f6ed-95ca-f7eb-8394-f1822712fff3, NVIDIA GeForce RTX 3090, 81, 22410, 311.02
2026/08/12 20:04:08.165, 3, GPU-4de6f6ed-95ca-f7eb-8394-f1822712fff3, NVIDIA GeForce RTX 3090, 81, 22410, 311.02
2026/08/12 20:04:08.365, 3, GPU-4de6f6ed-95ca-f7eb-8394-f1822712fff3, NVIDIA GeForce RTX 3090, 81, 22410, 311.02
2026/08/12 20:04:08.566, 3, GPU-4de6f6ed-95ca-f7eb-8394-f1822712fff3, NVIDIA GeForce RTX 3090, 82, 22410, 312.25
2026/08/12 20:04:08.766, 3, GPU-4de6f6ed-95ca-f7eb-8394-f1822712fff3, NVIDIA GeForce RTX 3090, 82, 22410, 312.25
2026/08/12 20:04:08.966, 3, GPU-4de6f6ed-95ca-f7eb-8394-f1822712fff3, NVIDIA GeForce RTX 3090, 82, 22410, 311.52
2026/08/12 20:04:09.167, 3, GPU-4de6f6ed-95ca-f7eb-8394-f1822712fff3, NVIDIA GeForce RTX 3090, 82, 22412, 311.52
2026/08/12 20:04:09.367, 3, GPU-4de6f6ed-95ca-f7eb-8394-f1822712fff3, NVIDIA GeForce RTX 3090, 82, 22412, 311.52
2026/08/12 20:04:09.568, 3, GPU-4de6f6ed-95ca-f7eb-8394-f1822712fff3, NVIDIA GeForce RTX 3090, 81, 22412, 311.10
2026/08/12 20:04:09.768, 3, GPU-4de6f6ed-95ca-f7eb-8394-f1822712fff3, NVIDIA GeForce RTX 3090, 81, 22412, 311.10
2026/08/12 20:04:09.969, 3, GPU-4de6f6ed-95ca-f7eb-8394-f1822712fff3, NVIDIA GeForce RTX 3090, 81, 22412, 311.53
2026/08/12 20:04:10.169, 3, GPU-4de6f6ed-95ca-f7eb-8394-f1822712fff3, NVIDIA GeForce RTX 3090, 81, 22414, 311.53
2026/08/12 20:04:10.369, 3, GPU-4de6f6ed-95ca-f7eb-8394-f1822712fff3, NVIDIA GeForce RTX 3090, 81, 22414, 311.53
2026/08/12 20:04:10.570, 3, GPU-4de6f6ed-95ca-f7eb-8394-f1822712fff3, NVIDIA GeForce RTX 3090, 84, 22414, 312.09
2026/08/12 20:04:10.770, 3, GPU-4de6f6ed-95ca-f7eb-8394-f1822712fff3, NVIDIA GeForce RTX 3090, 84, 22414, 312.09
2026/08/12 20:04:10.970, 3, GPU-4de6f6ed-95ca-f7eb-8394-f1822712fff3, NVIDIA GeForce RTX 3090, 84, 22414, 311.41
2026/08/12 20:04:11.173, 3, GPU-4de6f6ed-95ca-f7eb-8394-f1822712fff3, NVIDIA GeForce RTX 3090, 84, 22414, 311.41
2026/08/12 20:04:11.373, 3, GPU-4de6f6ed-95ca-f7eb-8394-f1822712fff3, NVIDIA GeForce RTX 3090, 84, 22414, 311.41
2026/08/12 20:04:11.573, 3, GPU-4de6f6ed-95ca-f7eb-8394-f1822712fff3, NVIDIA GeForce RTX 3090, 84, 22416, 311.41
2026/08/12 20:04:11.774, 3, GPU-4de6f6ed-95ca-f7eb-8394-f1822712fff3, NVIDIA GeForce RTX 3090, 84, 22416, 311.41
2026/08/12 20:04:11.974, 3, GPU-4de6f6ed-95ca-f7eb-8394-f1822712fff3, NVIDIA GeForce RTX 3090, 82, 22416, 311.29
2026/08/12 20:04:12.175, 3, GPU-4de6f6ed-95ca-f7eb-8394-f1822712fff3, NVIDIA GeForce RTX 3090, 82, 22416, 311.29
2026/08/12 20:04:12.375, 3, GPU-4de6f6ed-95ca-f7eb-8394-f1822712fff3, NVIDIA GeForce RTX 3090, 82, 22416, 311.29
2026/08/12 20:04:12.575, 3, GPU-4de6f6ed-95ca-f7eb-8394-f1822712fff3, NVIDIA GeForce RTX 3090, 82, 22416, 311.56
2026/08/12 20:04:12.776, 3, GPU-4de6f6ed-95ca-f7eb-8394-f1822712fff3, NVIDIA GeForce RTX 3090, 82, 22418, 311.56
2026/08/12 20:04:12.976, 3, GPU-4de6f6ed-95ca-f7eb-8394-f1822712fff3, NVIDIA GeForce RTX 3090, 79, 22418, 312.11
2026/08/12 20:04:13.177, 3, GPU-4de6f6ed-95ca-f7eb-8394-f1822712fff3, NVIDIA GeForce RTX 3090, 79, 22418, 312.11
2026/08/12 20:04:13.377, 3, GPU-4de6f6ed-95ca-f7eb-8394-f1822712fff3, NVIDIA GeForce RTX 3090, 79, 22418, 312.11
2026/08/12 20:04:13.577, 3, GPU-4de6f6ed-95ca-f7eb-8394-f1822712fff3, NVIDIA GeForce RTX 3090, 79, 22418, 311.56
2026/08/12 20:04:13.778, 3, GPU-4de6f6ed-95ca-f7eb-8394-f1822712fff3, NVIDIA GeForce RTX 3090, 79, 22418, 311.56
2026/08/12 20:04:13.978, 3, GPU-4de6f6ed-95ca-f7eb-8394-f1822712fff3, NVIDIA GeForce RTX 3090, 80, 22420, 311.73
2026/08/12 20:04:14.179, 3, GPU-4de6f6ed-95ca-f7eb-8394-f1822712fff3, NVIDIA GeForce RTX 3090, 80, 22420, 311.73
2026/08/12 20:04:14.379, 3, GPU-4de6f6ed-95ca-f7eb-8394-f1822712fff3, NVIDIA GeForce RTX 3090, 80, 22420, 311.73
2026/08/12 20:04:14.579, 3, GPU-4de6f6ed-95ca-f7eb-8394-f1822712fff3, NVIDIA GeForce RTX 3090, 80, 22420, 311.30
2026/08/12 20:04:14.780, 3, GPU-4de6f6ed-95ca-f7eb-8394-f1822712fff3, NVIDIA GeForce RTX 3090, 80, 22420, 311.30
2026/08/12 20:04:14.980, 3, GPU-4de6f6ed-95ca-f7eb-8394-f1822712fff3, NVIDIA GeForce RTX 3090, 80, 22420, 312.72
2026/08/12 20:04:15.180, 3, GPU-4de6f6ed-95ca-f7eb-8394-f1822712fff3, NVIDIA GeForce RTX 3090, 80, 22422, 312.72
2026/08/12 20:04:15.381, 3, GPU-4de6f6ed-95ca-f7eb-8394-f1822712fff3, NVIDIA GeForce RTX 3090, 80, 22422, 312.72
2026/08/12 20:04:15.581, 3, GPU-4de6f6ed-95ca-f7eb-8394-f1822712fff3, NVIDIA GeForce RTX 3090, 80, 22422, 312.38
2026/08/12 20:04:15.782, 3, GPU-4de6f6ed-95ca-f7eb-8394-f1822712fff3, NVIDIA GeForce RTX 3090, 80, 22422, 312.38
2026/08/12 20:04:15.982, 3, GPU-4de6f6ed-95ca-f7eb-8394-f1822712fff3, NVIDIA GeForce RTX 3090, 81, 22422, 312.17
2026/08/12 20:04:16.182, 3, GPU-4de6f6ed-95ca-f7eb-8394-f1822712fff3, NVIDIA GeForce RTX 3090, 81, 22422, 312.17
2026/08/12 20:04:16.383, 3, GPU-4de6f6ed-95ca-f7eb-8394-f1822712fff3, NVIDIA GeForce RTX 3090, 81, 22424, 312.17
2026/08/12 20:04:16.583, 3, GPU-4de6f6ed-95ca-f7eb-8394-f1822712fff3, NVIDIA GeForce RTX 3090, 81, 22424, 311.89
2026/08/12 20:04:16.784, 3, GPU-4de6f6ed-95ca-f7eb-8394-f1822712fff3, NVIDIA GeForce RTX 3090, 81, 22424, 311.89
2026/08/12 20:04:16.984, 3, GPU-4de6f6ed-95ca-f7eb-8394-f1822712fff3, NVIDIA GeForce RTX 3090, 79, 22424, 311.40
2026/08/12 20:04:17.185, 3, GPU-4de6f6ed-95ca-f7eb-8394-f1822712fff3, NVIDIA GeForce RTX 3090, 79, 22424, 311.40
2026/08/12 20:04:17.385, 3, GPU-4de6f6ed-95ca-f7eb-8394-f1822712fff3, NVIDIA GeForce RTX 3090, 79, 22424, 311.40
2026/08/12 20:04:17.585, 3, GPU-4de6f6ed-95ca-f7eb-8394-f1822712fff3, NVIDIA GeForce RTX 3090, 79, 22424, 311.97
2026/08/12 20:04:17.786, 3, GPU-4de6f6ed-95ca-f7eb-8394-f1822712fff3, NVIDIA GeForce RTX 3090, 79, 22426, 311.97
2026/08/12 20:04:17.986, 3, GPU-4de6f6ed-95ca-f7eb-8394-f1822712fff3, NVIDIA GeForce RTX 3090, 82, 22426, 313.33
2026/08/12 20:04:18.187, 3, GPU-4de6f6ed-95ca-f7eb-8394-f1822712fff3, NVIDIA GeForce RTX 3090, 82, 22426, 313.33
2026/08/12 20:04:18.387, 3, GPU-4de6f6ed-95ca-f7eb-8394-f1822712fff3, NVIDIA GeForce RTX 3090, 82, 22426, 313.33
2026/08/12 20:04:18.587, 3, GPU-4de6f6ed-95ca-f7eb-8394-f1822712fff3, NVIDIA GeForce RTX 3090, 82, 22426, 312.57
2026/08/12 20:04:18.788, 3, GPU-4de6f6ed-95ca-f7eb-8394-f1822712fff3, NVIDIA GeForce RTX 3090, 82, 22426, 312.57
2026/08/12 20:04:18.988, 3, GPU-4de6f6ed-95ca-f7eb-8394-f1822712fff3, NVIDIA GeForce RTX 3090, 80, 22426, 311.41
2026/08/12 20:04:19.189, 3, GPU-4de6f6ed-95ca-f7eb-8394-f1822712fff3, NVIDIA GeForce RTX 3090, 80, 22428, 311.41
2026/08/12 20:04:19.389, 3, GPU-4de6f6ed-95ca-f7eb-8394-f1822712fff3, NVIDIA GeForce RTX 3090, 80, 22428, 311.41
2026/08/12 20:04:19.590, 3, GPU-4de6f6ed-95ca-f7eb-8394-f1822712fff3, NVIDIA GeForce RTX 3090, 80, 22428, 310.60
2026/08/12 20:04:19.790, 3, GPU-4de6f6ed-95ca-f7eb-8394-f1822712fff3, NVIDIA GeForce RTX 3090, 80, 22428, 310.60
2026/08/12 20:04:19.990, 3, GPU-4de6f6ed-95ca-f7eb-8394-f1822712fff3, NVIDIA GeForce RTX 3090, 82, 22428, 310.52
2026/08/12 20:04:20.191, 3, GPU-4de6f6ed-95ca-f7eb-8394-f1822712fff3, NVIDIA GeForce RTX 3090, 82, 22430, 310.52
2026/08/12 20:04:20.391, 3, GPU-4de6f6ed-95ca-f7eb-8394-f1822712fff3, NVIDIA GeForce RTX 3090, 82, 22430, 310.52
2026/08/12 20:04:20.592, 3, GPU-4de6f6ed-95ca-f7eb-8394-f1822712fff3, NVIDIA GeForce RTX 3090, 82, 22430, 311.74
2026/08/12 20:04:20.792, 3, GPU-4de6f6ed-95ca-f7eb-8394-f1822712fff3, NVIDIA GeForce RTX 3090, 82, 22430, 311.74
2026/08/12 20:04:20.992, 3, GPU-4de6f6ed-95ca-f7eb-8394-f1822712fff3, NVIDIA GeForce RTX 3090, 78, 22430, 311.63
2026/08/12 20:04:21.193, 3, GPU-4de6f6ed-95ca-f7eb-8394-f1822712fff3, NVIDIA GeForce RTX 3090, 78, 22430, 311.63
2026/08/12 20:04:21.393, 3, GPU-4de6f6ed-95ca-f7eb-8394-f1822712fff3, NVIDIA GeForce RTX 3090, 78, 22430, 311.63
2026/08/12 20:04:21.594, 3, GPU-4de6f6ed-95ca-f7eb-8394-f1822712fff3, NVIDIA GeForce RTX 3090, 78, 22432, 311.04
2026/08/12 20:04:21.794, 3, GPU-4de6f6ed-95ca-f7eb-8394-f1822712fff3, NVIDIA GeForce RTX 3090, 78, 22432, 311.04
2026/08/12 20:04:21.994, 3, GPU-4de6f6ed-95ca-f7eb-8394-f1822712fff3, NVIDIA GeForce RTX 3090, 81, 22432, 310.80
2026/08/12 20:04:22.195, 3, GPU-4de6f6ed-95ca-f7eb-8394-f1822712fff3, NVIDIA GeForce RTX 3090, 81, 22432, 310.80
2026/08/12 20:04:22.395, 3, GPU-4de6f6ed-95ca-f7eb-8394-f1822712fff3, NVIDIA GeForce RTX 3090, 81, 22432, 310.80
2026/08/12 20:04:22.596, 3, GPU-4de6f6ed-95ca-f7eb-8394-f1822712fff3, NVIDIA GeForce RTX 3090, 81, 22432, 312.01
2026/08/12 20:04:22.796, 3, GPU-4de6f6ed-95ca-f7eb-8394-f1822712fff3, NVIDIA GeForce RTX 3090, 81, 22434, 312.01
2026/08/12 20:04:22.996, 3, GPU-4de6f6ed-95ca-f7eb-8394-f1822712fff3, NVIDIA GeForce RTX 3090, 79, 22434, 311.31
2026/08/12 20:04:23.197, 3, GPU-4de6f6ed-95ca-f7eb-8394-f1822712fff3, NVIDIA GeForce RTX 3090, 79, 22434, 311.31
2026/08/12 20:04:23.397, 3, GPU-4de6f6ed-95ca-f7eb-8394-f1822712fff3, NVIDIA GeForce RTX 3090, 79, 22434, 311.31
2026/08/12 20:04:23.598, 3, GPU-4de6f6ed-95ca-f7eb-8394-f1822712fff3, NVIDIA GeForce RTX 3090, 79, 22434, 311.58
2026/08/12 20:04:23.798, 3, GPU-4de6f6ed-95ca-f7eb-8394-f1822712fff3, NVIDIA GeForce RTX 3090, 79, 22434, 311.58
2026/08/12 20:04:23.998, 3, GPU-4de6f6ed-95ca-f7eb-8394-f1822712fff3, NVIDIA GeForce RTX 3090, 79, 22436, 311.37
2026/08/12 20:04:24.199, 3, GPU-4de6f6ed-95ca-f7eb-8394-f1822712fff3, NVIDIA GeForce RTX 3090, 79, 22436, 311.37
2026/08/12 20:04:24.399, 3, GPU-4de6f6ed-95ca-f7eb-8394-f1822712fff3, NVIDIA GeForce RTX 3090, 79, 22436, 311.37
2026/08/12 20:04:24.600, 3, GPU-4de6f6ed-95ca-f7eb-8394-f1822712fff3, NVIDIA GeForce RTX 3090, 79, 22436, 310.40
2026/08/12 20:04:24.800, 3, GPU-4de6f6ed-95ca-f7eb-8394-f1822712fff3, NVIDIA GeForce RTX 3090, 79, 22436, 310.40
2026/08/12 20:04:25.000, 3, GPU-4de6f6ed-95ca-f7eb-8394-f1822712fff3, NVIDIA GeForce RTX 3090, 78, 22436, 311.81
2026/08/12 20:04:25.201, 3, GPU-4de6f6ed-95ca-f7eb-8394-f1822712fff3, NVIDIA GeForce RTX 3090, 78, 22438, 311.81
2026/08/12 20:04:25.401, 3, GPU-4de6f6ed-95ca-f7eb-8394-f1822712fff3, NVIDIA GeForce RTX 3090, 78, 22438, 311.81
2026/08/12 20:04:25.602, 3, GPU-4de6f6ed-95ca-f7eb-8394-f1822712fff3, NVIDIA GeForce RTX 3090, 78, 22438, 312.14
2026/08/12 20:04:25.802, 3, GPU-4de6f6ed-95ca-f7eb-8394-f1822712fff3, NVIDIA GeForce RTX 3090, 78, 22438, 312.14
2026/08/12 20:04:26.003, 3, GPU-4de6f6ed-95ca-f7eb-8394-f1822712fff3, NVIDIA GeForce RTX 3090, 91, 22438, 313.55
2026/08/12 20:04:26.203, 3, GPU-4de6f6ed-95ca-f7eb-8394-f1822712fff3, NVIDIA GeForce RTX 3090, 91, 22438, 313.55
2026/08/12 20:04:26.403, 3, GPU-4de6f6ed-95ca-f7eb-8394-f1822712fff3, NVIDIA GeForce RTX 3090, 91, 22440, 313.55
2026/08/12 20:04:26.604, 3, GPU-4de6f6ed-95ca-f7eb-8394-f1822712fff3, NVIDIA GeForce RTX 3090, 91, 22440, 313.55
2026/08/12 20:04:26.804, 3, GPU-4de6f6ed-95ca-f7eb-8394-f1822712fff3, NVIDIA GeForce RTX 3090, 91, 22440, 313.55
2026/08/12 20:04:27.005, 3, GPU-4de6f6ed-95ca-f7eb-8394-f1822712fff3, NVIDIA GeForce RTX 3090, 91, 22440, 311.81
2026/08/12 20:04:27.205, 3, GPU-4de6f6ed-95ca-f7eb-8394-f1822712fff3, NVIDIA GeForce RTX 3090, 91, 22440, 311.81
2026/08/12 20:04:27.405, 3, GPU-4de6f6ed-95ca-f7eb-8394-f1822712fff3, NVIDIA GeForce RTX 3090, 91, 22440, 311.81
2026/08/12 20:04:27.606, 3, GPU-4de6f6ed-95ca-f7eb-8394-f1822712fff3, NVIDIA GeForce RTX 3090, 80, 22440, 310.91
2026/08/12 20:04:27.806, 3, GPU-4de6f6ed-95ca-f7eb-8394-f1822712fff3, NVIDIA GeForce RTX 3090, 80, 22442, 310.91
2026/08/12 20:04:28.007, 3, GPU-4de6f6ed-95ca-f7eb-8394-f1822712fff3, NVIDIA GeForce RTX 3090, 80, 22442, 311.13
2026/08/12 20:04:28.207, 3, GPU-4de6f6ed-95ca-f7eb-8394-f1822712fff3, NVIDIA GeForce RTX 3090, 80, 22442, 311.13
2026/08/12 20:04:28.407, 3, GPU-4de6f6ed-95ca-f7eb-8394-f1822712fff3, NVIDIA GeForce RTX 3090, 80, 22442, 311.13
2026/08/12 20:04:28.608, 3, GPU-4de6f6ed-95ca-f7eb-8394-f1822712fff3, NVIDIA GeForce RTX 3090, 80, 22442, 312.98
2026/08/12 20:04:28.808, 3, GPU-4de6f6ed-95ca-f7eb-8394-f1822712fff3, NVIDIA GeForce RTX 3090, 80, 22442, 312.98
2026/08/12 20:04:29.009, 3, GPU-4de6f6ed-95ca-f7eb-8394-f1822712fff3, NVIDIA GeForce RTX 3090, 80, 22442, 312.37
2026/08/12 20:04:29.209, 3, GPU-4de6f6ed-95ca-f7eb-8394-f1822712fff3, NVIDIA GeForce RTX 3090, 80, 22444, 312.37
2026/08/12 20:04:29.410, 3, GPU-4de6f6ed-95ca-f7eb-8394-f1822712fff3, NVIDIA GeForce RTX 3090, 80, 22444, 312.37
2026/08/12 20:04:29.610, 3, GPU-4de6f6ed-95ca-f7eb-8394-f1822712fff3, NVIDIA GeForce RTX 3090, 86, 22444, 313.19
2026/08/12 20:04:29.810, 3, GPU-4de6f6ed-95ca-f7eb-8394-f1822712fff3, NVIDIA GeForce RTX 3090, 86, 22444, 313.19
2026/08/12 20:04:30.011, 3, GPU-4de6f6ed-95ca-f7eb-8394-f1822712fff3, NVIDIA GeForce RTX 3090, 86, 22444, 314.07
2026/08/12 20:04:30.211, 3, GPU-4de6f6ed-95ca-f7eb-8394-f1822712fff3, NVIDIA GeForce RTX 3090, 86, 22446, 314.07
2026/08/12 20:04:30.412, 3, GPU-4de6f6ed-95ca-f7eb-8394-f1822712fff3, NVIDIA GeForce RTX 3090, 86, 22446, 314.07
2026/08/12 20:04:30.612, 3, GPU-4de6f6ed-95ca-f7eb-8394-f1822712fff3, NVIDIA GeForce RTX 3090, 89, 22446, 313.53
2026/08/12 20:04:30.812, 3, GPU-4de6f6ed-95ca-f7eb-8394-f1822712fff3, NVIDIA GeForce RTX 3090, 89, 22446, 313.53
2026/08/12 20:04:31.013, 3, GPU-4de6f6ed-95ca-f7eb-8394-f1822712fff3, NVIDIA GeForce RTX 3090, 89, 22446, 310.57
2026/08/12 20:04:31.213, 3, GPU-4de6f6ed-95ca-f7eb-8394-f1822712fff3, NVIDIA GeForce RTX 3090, 89, 22446, 310.57
2026/08/12 20:04:31.414, 3, GPU-4de6f6ed-95ca-f7eb-8394-f1822712fff3, NVIDIA GeForce RTX 3090, 89, 22448, 310.57
2026/08/12 20:04:31.614, 3, GPU-4de6f6ed-95ca-f7eb-8394-f1822712fff3, NVIDIA GeForce RTX 3090, 76, 22448, 310.52
2026/08/12 20:04:31.815, 3, GPU-4de6f6ed-95ca-f7eb-8394-f1822712fff3, NVIDIA GeForce RTX 3090, 76, 22448, 310.52
2026/08/12 20:04:32.015, 3, GPU-4de6f6ed-95ca-f7eb-8394-f1822712fff3, NVIDIA GeForce RTX 3090, 76, 22448, 310.48
2026/08/12 20:04:32.216, 3, GPU-4de6f6ed-95ca-f7eb-8394-f1822712fff3, NVIDIA GeForce RTX 3090, 76, 22448, 310.48
2026/08/12 20:04:32.416, 3, GPU-4de6f6ed-95ca-f7eb-8394-f1822712fff3, NVIDIA GeForce RTX 3090, 76, 22448, 310.48
2026/08/12 20:04:32.616, 3, GPU-4de6f6ed-95ca-f7eb-8394-f1822712fff3, NVIDIA GeForce RTX 3090, 80, 22448, 309.83
2026/08/12 20:04:32.817, 3, GPU-4de6f6ed-95ca-f7eb-8394-f1822712fff3, NVIDIA GeForce RTX 3090, 80, 22450, 309.83
2026/08/12 20:04:33.017, 3, GPU-4de6f6ed-95ca-f7eb-8394-f1822712fff3, NVIDIA GeForce RTX 3090, 80, 22450, 310.00
2026/08/12 20:04:33.218, 3, GPU-4de6f6ed-95ca-f7eb-8394-f1822712fff3, NVIDIA GeForce RTX 3090, 80, 22450, 310.00
2026/08/12 20:04:33.418, 3, GPU-4de6f6ed-95ca-f7eb-8394-f1822712fff3, NVIDIA GeForce RTX 3090, 80, 22450, 310.00
2026/08/12 20:04:33.619, 3, GPU-4de6f6ed-95ca-f7eb-8394-f1822712fff3, NVIDIA GeForce RTX 3090, 80, 22450, 311.22
2026/08/12 20:04:33.819, 3, GPU-4de6f6ed-95ca-f7eb-8394-f1822712fff3, NVIDIA GeForce RTX 3090, 80, 22450, 311.22
2026/08/12 20:04:34.019, 3, GPU-4de6f6ed-95ca-f7eb-8394-f1822712fff3, NVIDIA GeForce RTX 3090, 80, 22452, 311.38
2026/08/12 20:04:34.220, 3, GPU-4de6f6ed-95ca-f7eb-8394-f1822712fff3, NVIDIA GeForce RTX 3090, 80, 22452, 311.38
2026/08/12 20:04:34.420, 3, GPU-4de6f6ed-95ca-f7eb-8394-f1822712fff3, NVIDIA GeForce RTX 3090, 80, 22452, 311.38
2026/08/12 20:04:34.621, 3, GPU-4de6f6ed-95ca-f7eb-8394-f1822712fff3, NVIDIA GeForce RTX 3090, 77, 22452, 309.23
2026/08/12 20:04:34.821, 3, GPU-4de6f6ed-95ca-f7eb-8394-f1822712fff3, NVIDIA GeForce RTX 3090, 77, 22452, 309.23
2026/08/12 20:04:35.022, 3, GPU-4de6f6ed-95ca-f7eb-8394-f1822712fff3, NVIDIA GeForce RTX 3090, 77, 22452, 309.54
2026/08/12 20:04:35.222, 3, GPU-4de6f6ed-95ca-f7eb-8394-f1822712fff3, NVIDIA GeForce RTX 3090, 77, 22454, 309.54
2026/08/12 20:04:35.422, 3, GPU-4de6f6ed-95ca-f7eb-8394-f1822712fff3, NVIDIA GeForce RTX 3090, 88, 22454, 314.35
2026/08/12 20:04:35.623, 3, GPU-4de6f6ed-95ca-f7eb-8394-f1822712fff3, NVIDIA GeForce RTX 3090, 88, 22454, 314.35
2026/08/12 20:04:35.823, 3, GPU-4de6f6ed-95ca-f7eb-8394-f1822712fff3, NVIDIA GeForce RTX 3090, 88, 22454, 314.35
2026/08/12 20:04:36.024, 3, GPU-4de6f6ed-95ca-f7eb-8394-f1822712fff3, NVIDIA GeForce RTX 3090, 88, 22454, 311.61
2026/08/12 20:04:36.224, 3, GPU-4de6f6ed-95ca-f7eb-8394-f1822712fff3, NVIDIA GeForce RTX 3090, 88, 22454, 311.61
2026/08/12 20:04:36.424, 3, GPU-4de6f6ed-95ca-f7eb-8394-f1822712fff3, NVIDIA GeForce RTX 3090, 81, 22456, 309.53
2026/08/12 20:04:36.625, 3, GPU-4de6f6ed-95ca-f7eb-8394-f1822712fff3, NVIDIA GeForce RTX 3090, 81, 22456, 309.53
2026/08/12 20:04:36.825, 3, GPU-4de6f6ed-95ca-f7eb-8394-f1822712fff3, NVIDIA GeForce RTX 3090, 81, 22456, 309.53
2026/08/12 20:04:37.026, 3, GPU-4de6f6ed-95ca-f7eb-8394-f1822712fff3, NVIDIA GeForce RTX 3090, 81, 22456, 313.35
2026/08/12 20:04:37.226, 3, GPU-4de6f6ed-95ca-f7eb-8394-f1822712fff3, NVIDIA GeForce RTX 3090, 81, 22456, 313.35
2026/08/12 20:04:37.426, 3, GPU-4de6f6ed-95ca-f7eb-8394-f1822712fff3, NVIDIA GeForce RTX 3090, 86, 22456, 314.11
2026/08/12 20:04:37.627, 3, GPU-4de6f6ed-95ca-f7eb-8394-f1822712fff3, NVIDIA GeForce RTX 3090, 86, 22456, 314.11
2026/08/12 20:04:37.827, 3, GPU-4de6f6ed-95ca-f7eb-8394-f1822712fff3, NVIDIA GeForce RTX 3090, 86, 22458, 314.11
2026/08/12 20:04:38.028, 3, GPU-4de6f6ed-95ca-f7eb-8394-f1822712fff3, NVIDIA GeForce RTX 3090, 86, 22458, 312.27
2026/08/12 20:04:38.228, 3, GPU-4de6f6ed-95ca-f7eb-8394-f1822712fff3, NVIDIA GeForce RTX 3090, 86, 22458, 312.27
2026/08/12 20:04:38.428, 3, GPU-4de6f6ed-95ca-f7eb-8394-f1822712fff3, NVIDIA GeForce RTX 3090, 79, 22458, 312.10
2026/08/12 20:04:38.629, 3, GPU-4de6f6ed-95ca-f7eb-8394-f1822712fff3, NVIDIA GeForce RTX 3090, 79, 22458, 312.10
2026/08/12 20:04:38.829, 3, GPU-4de6f6ed-95ca-f7eb-8394-f1822712fff3, NVIDIA GeForce RTX 3090, 79, 22458, 312.10
2026/08/12 20:04:39.030, 3, GPU-4de6f6ed-95ca-f7eb-8394-f1822712fff3, NVIDIA GeForce RTX 3090, 79, 22458, 312.35
2026/08/12 20:04:39.230, 3, GPU-4de6f6ed-95ca-f7eb-8394-f1822712fff3, NVIDIA GeForce RTX 3090, 79, 22460, 312.35
2026/08/12 20:04:39.430, 3, GPU-4de6f6ed-95ca-f7eb-8394-f1822712fff3, NVIDIA GeForce RTX 3090, 74, 22460, 311.51
2026/08/12 20:04:39.631, 3, GPU-4de6f6ed-95ca-f7eb-8394-f1822712fff3, NVIDIA GeForce RTX 3090, 74, 22460, 311.51
2026/08/12 20:04:39.831, 3, GPU-4de6f6ed-95ca-f7eb-8394-f1822712fff3, NVIDIA GeForce RTX 3090, 74, 22460, 311.51
2026/08/12 20:04:40.032, 3, GPU-4de6f6ed-95ca-f7eb-8394-f1822712fff3, NVIDIA GeForce RTX 3090, 74, 22460, 310.54
2026/08/12 20:04:40.232, 3, GPU-4de6f6ed-95ca-f7eb-8394-f1822712fff3, NVIDIA GeForce RTX 3090, 74, 22462, 310.54
2026/08/12 20:04:40.432, 3, GPU-4de6f6ed-95ca-f7eb-8394-f1822712fff3, NVIDIA GeForce RTX 3090, 75, 22462, 310.30
2026/08/12 20:04:40.633, 3, GPU-4de6f6ed-95ca-f7eb-8394-f1822712fff3, NVIDIA GeForce RTX 3090, 75, 22462, 310.30
2026/08/12 20:04:40.833, 3, GPU-4de6f6ed-95ca-f7eb-8394-f1822712fff3, NVIDIA GeForce RTX 3090, 75, 22462, 310.30
2026/08/12 20:04:41.034, 3, GPU-4de6f6ed-95ca-f7eb-8394-f1822712fff3, NVIDIA GeForce RTX 3090, 75, 22462, 310.45
2026/08/12 20:04:41.234, 3, GPU-4de6f6ed-95ca-f7eb-8394-f1822712fff3, NVIDIA GeForce RTX 3090, 75, 22462, 310.45
2026/08/12 20:04:41.435, 3, GPU-4de6f6ed-95ca-f7eb-8394-f1822712fff3, NVIDIA GeForce RTX 3090, 75, 22464, 310.45
2026/08/12 20:04:41.635, 3, GPU-4de6f6ed-95ca-f7eb-8394-f1822712fff3, NVIDIA GeForce RTX 3090, 75, 22464, 310.45
2026/08/12 20:04:41.835, 3, GPU-4de6f6ed-95ca-f7eb-8394-f1822712fff3, NVIDIA GeForce RTX 3090, 75, 22464, 310.45
2026/08/12 20:04:42.036, 3, GPU-4de6f6ed-95ca-f7eb-8394-f1822712fff3, NVIDIA GeForce RTX 3090, 90, 22464, 311.47
2026/08/12 20:04:42.236, 3, GPU-4de6f6ed-95ca-f7eb-8394-f1822712fff3, NVIDIA GeForce RTX 3090, 90, 22464, 311.47
2026/08/12 20:04:42.437, 3, GPU-4de6f6ed-95ca-f7eb-8394-f1822712fff3, NVIDIA GeForce RTX 3090, 90, 22464, 312.17
2026/08/12 20:04:42.637, 3, GPU-4de6f6ed-95ca-f7eb-8394-f1822712fff3, NVIDIA GeForce RTX 3090, 90, 22466, 312.17
2026/08/12 20:04:42.838, 3, GPU-4de6f6ed-95ca-f7eb-8394-f1822712fff3, NVIDIA GeForce RTX 3090, 90, 22466, 312.17
2026/08/12 20:04:43.038, 3, GPU-4de6f6ed-95ca-f7eb-8394-f1822712fff3, NVIDIA GeForce RTX 3090, 82, 22466, 312.79
2026/08/12 20:04:43.239, 3, GPU-4de6f6ed-95ca-f7eb-8394-f1822712fff3, NVIDIA GeForce RTX 3090, 82, 22466, 312.79
2026/08/12 20:04:43.439, 3, GPU-4de6f6ed-95ca-f7eb-8394-f1822712fff3, NVIDIA GeForce RTX 3090, 82, 22466, 310.78
2026/08/12 20:04:43.639, 3, GPU-4de6f6ed-95ca-f7eb-8394-f1822712fff3, NVIDIA GeForce RTX 3090, 82, 22466, 310.78
2026/08/12 20:04:43.840, 3, GPU-4de6f6ed-95ca-f7eb-8394-f1822712fff3, NVIDIA GeForce RTX 3090, 82, 22466, 310.78
2026/08/12 20:04:44.040, 3, GPU-4de6f6ed-95ca-f7eb-8394-f1822712fff3, NVIDIA GeForce RTX 3090, 80, 22468, 311.84
2026/08/12 20:04:44.241, 3, GPU-4de6f6ed-95ca-f7eb-8394-f1822712fff3, NVIDIA GeForce RTX 3090, 80, 22468, 311.84
2026/08/12 20:04:44.441, 3, GPU-4de6f6ed-95ca-f7eb-8394-f1822712fff3, NVIDIA GeForce RTX 3090, 80, 22468, 311.95
2026/08/12 20:04:44.641, 3, GPU-4de6f6ed-95ca-f7eb-8394-f1822712fff3, NVIDIA GeForce RTX 3090, 80, 22468, 311.95
2026/08/12 20:04:44.842, 3, GPU-4de6f6ed-95ca-f7eb-8394-f1822712fff3, NVIDIA GeForce RTX 3090, 80, 22468, 311.95
2026/08/12 20:04:45.042, 3, GPU-4de6f6ed-95ca-f7eb-8394-f1822712fff3, NVIDIA GeForce RTX 3090, 80, 22468, 311.25
2026/08/12 20:04:45.243, 3, GPU-4de6f6ed-95ca-f7eb-8394-f1822712fff3, NVIDIA GeForce RTX 3090, 80, 22470, 311.25
2026/08/12 20:04:45.443, 3, GPU-4de6f6ed-95ca-f7eb-8394-f1822712fff3, NVIDIA GeForce RTX 3090, 80, 22470, 309.60
2026/08/12 20:04:45.644, 3, GPU-4de6f6ed-95ca-f7eb-8394-f1822712fff3, NVIDIA GeForce RTX 3090, 80, 22470, 309.60
2026/08/12 20:04:45.844, 3, GPU-4de6f6ed-95ca-f7eb-8394-f1822712fff3, NVIDIA GeForce RTX 3090, 80, 22470, 309.60
2026/08/12 20:04:46.044, 3, GPU-4de6f6ed-95ca-f7eb-8394-f1822712fff3, NVIDIA GeForce RTX 3090, 80, 22470, 310.76
2026/08/12 20:04:46.245, 3, GPU-4de6f6ed-95ca-f7eb-8394-f1822712fff3, NVIDIA GeForce RTX 3090, 80, 22470, 310.76
2026/08/12 20:04:46.445, 3, GPU-4de6f6ed-95ca-f7eb-8394-f1822712fff3, NVIDIA GeForce RTX 3090, 80, 22472, 310.52
2026/08/12 20:04:46.646, 3, GPU-4de6f6ed-95ca-f7eb-8394-f1822712fff3, NVIDIA GeForce RTX 3090, 80, 22472, 310.52
2026/08/12 20:04:46.846, 3, GPU-4de6f6ed-95ca-f7eb-8394-f1822712fff3, NVIDIA GeForce RTX 3090, 80, 22472, 310.52
2026/08/12 20:04:47.047, 3, GPU-4de6f6ed-95ca-f7eb-8394-f1822712fff3, NVIDIA GeForce RTX 3090, 81, 22472, 310.77
2026/08/12 20:04:47.247, 3, GPU-4de6f6ed-95ca-f7eb-8394-f1822712fff3, NVIDIA GeForce RTX 3090, 81, 22472, 310.77
2026/08/12 20:04:47.447, 3, GPU-4de6f6ed-95ca-f7eb-8394-f1822712fff3, NVIDIA GeForce RTX 3090, 81, 22472, 310.40
2026/08/12 20:04:47.648, 3, GPU-4de6f6ed-95ca-f7eb-8394-f1822712fff3, NVIDIA GeForce RTX 3090, 81, 22472, 310.40
2026/08/12 20:04:47.848, 3, GPU-4de6f6ed-95ca-f7eb-8394-f1822712fff3, NVIDIA GeForce RTX 3090, 81, 22474, 310.40
2026/08/12 20:04:48.049, 3, GPU-4de6f6ed-95ca-f7eb-8394-f1822712fff3, NVIDIA GeForce RTX 3090, 87, 22474, 312.90
2026/08/12 20:04:48.249, 3, GPU-4de6f6ed-95ca-f7eb-8394-f1822712fff3, NVIDIA GeForce RTX 3090, 87, 22474, 312.90
2026/08/12 20:04:48.450, 3, GPU-4de6f6ed-95ca-f7eb-8394-f1822712fff3, NVIDIA GeForce RTX 3090, 87, 22474, 315.84
2026/08/12 20:04:48.650, 3, GPU-4de6f6ed-95ca-f7eb-8394-f1822712fff3, NVIDIA GeForce RTX 3090, 87, 22474, 315.84
2026/08/12 20:04:48.850, 3, GPU-4de6f6ed-95ca-f7eb-8394-f1822712fff3, NVIDIA GeForce RTX 3090, 87, 22474, 315.84
2026/08/12 20:04:49.051, 3, GPU-4de6f6ed-95ca-f7eb-8394-f1822712fff3, NVIDIA GeForce RTX 3090, 91, 22474, 312.07
2026/08/12 20:04:49.251, 3, GPU-4de6f6ed-95ca-f7eb-8394-f1822712fff3, NVIDIA GeForce RTX 3090, 91, 22476, 312.07
2026/08/12 20:04:49.452, 3, GPU-4de6f6ed-95ca-f7eb-8394-f1822712fff3, NVIDIA GeForce RTX 3090, 91, 22476, 309.13
2026/08/12 20:04:49.652, 3, GPU-4de6f6ed-95ca-f7eb-8394-f1822712fff3, NVIDIA GeForce RTX 3090, 91, 22476, 309.13
2026/08/12 20:04:49.853, 3, GPU-4de6f6ed-95ca-f7eb-8394-f1822712fff3, NVIDIA GeForce RTX 3090, 91, 22476, 309.13
2026/08/12 20:04:50.053, 3, GPU-4de6f6ed-95ca-f7eb-8394-f1822712fff3, NVIDIA GeForce RTX 3090, 79, 22476, 312.99
2026/08/12 20:04:50.253, 3, GPU-4de6f6ed-95ca-f7eb-8394-f1822712fff3, NVIDIA GeForce RTX 3090, 79, 22478, 312.99
2026/08/12 20:04:50.454, 3, GPU-4de6f6ed-95ca-f7eb-8394-f1822712fff3, NVIDIA GeForce RTX 3090, 79, 22478, 312.88
2026/08/12 20:04:50.654, 3, GPU-4de6f6ed-95ca-f7eb-8394-f1822712fff3, NVIDIA GeForce RTX 3090, 79, 22478, 312.88
2026/08/12 20:04:50.855, 3, GPU-4de6f6ed-95ca-f7eb-8394-f1822712fff3, NVIDIA GeForce RTX 3090, 79, 22478, 312.88
2026/08/12 20:04:51.055, 3, GPU-4de6f6ed-95ca-f7eb-8394-f1822712fff3, NVIDIA GeForce RTX 3090, 80, 22478, 312.26
2026/08/12 20:04:51.256, 3, GPU-4de6f6ed-95ca-f7eb-8394-f1822712fff3, NVIDIA GeForce RTX 3090, 80, 22478, 312.26
2026/08/12 20:04:51.456, 3, GPU-4de6f6ed-95ca-f7eb-8394-f1822712fff3, NVIDIA GeForce RTX 3090, 80, 22480, 312.77
2026/08/12 20:04:51.656, 3, GPU-4de6f6ed-95ca-f7eb-8394-f1822712fff3, NVIDIA GeForce RTX 3090, 80, 22480, 312.77
2026/08/12 20:04:51.857, 3, GPU-4de6f6ed-95ca-f7eb-8394-f1822712fff3, NVIDIA GeForce RTX 3090, 80, 22480, 312.77
2026/08/12 20:04:52.057, 3, GPU-4de6f6ed-95ca-f7eb-8394-f1822712fff3, NVIDIA GeForce RTX 3090, 87, 22480, 313.59
2026/08/12 20:04:52.258, 3, GPU-4de6f6ed-95ca-f7eb-8394-f1822712fff3, NVIDIA GeForce RTX 3090, 87, 22480, 313.59
2026/08/12 20:04:52.458, 3, GPU-4de6f6ed-95ca-f7eb-8394-f1822712fff3, NVIDIA GeForce RTX 3090, 87, 22480, 312.79
2026/08/12 20:04:52.659, 3, GPU-4de6f6ed-95ca-f7eb-8394-f1822712fff3, NVIDIA GeForce RTX 3090, 87, 22482, 312.79
2026/08/12 20:04:52.859, 3, GPU-4de6f6ed-95ca-f7eb-8394-f1822712fff3, NVIDIA GeForce RTX 3090, 87, 22482, 312.79
2026/08/12 20:04:53.059, 3, GPU-4de6f6ed-95ca-f7eb-8394-f1822712fff3, NVIDIA GeForce RTX 3090, 81, 22482, 312.21
2026/08/12 20:04:53.260, 3, GPU-4de6f6ed-95ca-f7eb-8394-f1822712fff3, NVIDIA GeForce RTX 3090, 81, 22482, 312.21
2026/08/12 20:04:53.460, 3, GPU-4de6f6ed-95ca-f7eb-8394-f1822712fff3, NVIDIA GeForce RTX 3090, 81, 22482, 311.29
2026/08/12 20:04:53.661, 3, GPU-4de6f6ed-95ca-f7eb-8394-f1822712fff3, NVIDIA GeForce RTX 3090, 81, 22482, 311.29
2026/08/12 20:04:53.861, 3, GPU-4de6f6ed-95ca-f7eb-8394-f1822712fff3, NVIDIA GeForce RTX 3090, 81, 22482, 311.29
2026/08/12 20:04:54.061, 3, GPU-4de6f6ed-95ca-f7eb-8394-f1822712fff3, NVIDIA GeForce RTX 3090, 81, 22484, 311.29
2026/08/12 20:04:54.262, 3, GPU-4de6f6ed-95ca-f7eb-8394-f1822712fff3, NVIDIA GeForce RTX 3090, 81, 22484, 311.29
2026/08/12 20:04:54.462, 3, GPU-4de6f6ed-95ca-f7eb-8394-f1822712fff3, NVIDIA GeForce RTX 3090, 81, 22484, 310.68
2026/08/12 20:04:54.663, 3, GPU-4de6f6ed-95ca-f7eb-8394-f1822712fff3, NVIDIA GeForce RTX 3090, 81, 22484, 310.68
2026/08/12 20:04:54.863, 3, GPU-4de6f6ed-95ca-f7eb-8394-f1822712fff3, NVIDIA GeForce RTX 3090, 81, 22484, 310.68
2026/08/12 20:04:55.064, 3, GPU-4de6f6ed-95ca-f7eb-8394-f1822712fff3, NVIDIA GeForce RTX 3090, 80, 22484, 310.03
2026/08/12 20:04:55.264, 3, GPU-4de6f6ed-95ca-f7eb-8394-f1822712fff3, NVIDIA GeForce RTX 3090, 80, 22486, 310.03
2026/08/12 20:04:55.464, 3, GPU-4de6f6ed-95ca-f7eb-8394-f1822712fff3, NVIDIA GeForce RTX 3090, 80, 22486, 307.85
2026/08/12 20:04:55.665, 3, GPU-4de6f6ed-95ca-f7eb-8394-f1822712fff3, NVIDIA GeForce RTX 3090, 80, 22486, 307.85
2026/08/12 20:04:55.865, 3, GPU-4de6f6ed-95ca-f7eb-8394-f1822712fff3, NVIDIA GeForce RTX 3090, 80, 22486, 307.85
2026/08/12 20:04:56.066, 3, GPU-4de6f6ed-95ca-f7eb-8394-f1822712fff3, NVIDIA GeForce RTX 3090, 79, 22486, 311.63
2026/08/12 20:04:56.266, 3, GPU-4de6f6ed-95ca-f7eb-8394-f1822712fff3, NVIDIA GeForce RTX 3090, 79, 22486, 311.63
2026/08/12 20:04:56.467, 3, GPU-4de6f6ed-95ca-f7eb-8394-f1822712fff3, NVIDIA GeForce RTX 3090, 79, 22488, 311.63
2026/08/12 20:04:56.667, 3, GPU-4de6f6ed-95ca-f7eb-8394-f1822712fff3, NVIDIA GeForce RTX 3090, 79, 22488, 311.63
2026/08/12 20:04:56.868, 3, GPU-4de6f6ed-95ca-f7eb-8394-f1822712fff3, NVIDIA GeForce RTX 3090, 79, 22488, 311.63
2026/08/12 20:04:57.068, 3, GPU-4de6f6ed-95ca-f7eb-8394-f1822712fff3, NVIDIA GeForce RTX 3090, 79, 22488, 308.57
2026/08/12 20:04:57.268, 3, GPU-4de6f6ed-95ca-f7eb-8394-f1822712fff3, NVIDIA GeForce RTX 3090, 79, 22488, 308.57
2026/08/12 20:04:57.469, 3, GPU-4de6f6ed-95ca-f7eb-8394-f1822712fff3, NVIDIA GeForce RTX 3090, 78, 22488, 308.99
2026/08/12 20:04:57.669, 3, GPU-4de6f6ed-95ca-f7eb-8394-f1822712fff3, NVIDIA GeForce RTX 3090, 78, 22490, 308.99
2026/08/12 20:04:57.869, 3, GPU-4de6f6ed-95ca-f7eb-8394-f1822712fff3, NVIDIA GeForce RTX 3090, 78, 22490, 308.99
2026/08/12 20:04:58.070, 3, GPU-4de6f6ed-95ca-f7eb-8394-f1822712fff3, NVIDIA GeForce RTX 3090, 78, 22490, 313.04
2026/08/12 20:04:58.270, 3, GPU-4de6f6ed-95ca-f7eb-8394-f1822712fff3, NVIDIA GeForce RTX 3090, 78, 22490, 313.04
2026/08/12 20:04:58.471, 3, GPU-4de6f6ed-95ca-f7eb-8394-f1822712fff3, NVIDIA GeForce RTX 3090, 80, 22490, 311.54
2026/08/12 20:04:58.671, 3, GPU-4de6f6ed-95ca-f7eb-8394-f1822712fff3, NVIDIA GeForce RTX 3090, 80, 22490, 311.54
2026/08/12 20:04:58.871, 3, GPU-4de6f6ed-95ca-f7eb-8394-f1822712fff3, NVIDIA GeForce RTX 3090, 80, 22492, 311.54
2026/08/12 20:04:59.072, 3, GPU-4de6f6ed-95ca-f7eb-8394-f1822712fff3, NVIDIA GeForce RTX 3090, 80, 22492, 312.12
2026/08/12 20:04:59.272, 3, GPU-4de6f6ed-95ca-f7eb-8394-f1822712fff3, NVIDIA GeForce RTX 3090, 80, 22492, 312.12
2026/08/12 20:04:59.473, 3, GPU-4de6f6ed-95ca-f7eb-8394-f1822712fff3, NVIDIA GeForce RTX 3090, 81, 22492, 311.69
2026/08/12 20:04:59.673, 3, GPU-4de6f6ed-95ca-f7eb-8394-f1822712fff3, NVIDIA GeForce RTX 3090, 81, 22492, 311.69
2026/08/12 20:04:59.874, 3, GPU-4de6f6ed-95ca-f7eb-8394-f1822712fff3, NVIDIA GeForce RTX 3090, 81, 22492, 311.69
2026/08/12 20:05:00.074, 3, GPU-4de6f6ed-95ca-f7eb-8394-f1822712fff3, NVIDIA GeForce RTX 3090, 81, 22492, 311.14
2026/08/12 20:05:00.274, 3, GPU-4de6f6ed-95ca-f7eb-8394-f1822712fff3, NVIDIA GeForce RTX 3090, 81, 22492, 311.14
2026/08/12 20:05:00.475, 3, GPU-4de6f6ed-95ca-f7eb-8394-f1822712fff3, NVIDIA GeForce RTX 3090, 80, 22494, 311.22
2026/08/12 20:05:00.675, 3, GPU-4de6f6ed-95ca-f7eb-8394-f1822712fff3, NVIDIA GeForce RTX 3090, 80, 22494, 311.22
2026/08/12 20:05:00.876, 3, GPU-4de6f6ed-95ca-f7eb-8394-f1822712fff3, NVIDIA GeForce RTX 3090, 80, 22494, 311.22
2026/08/12 20:05:01.076, 3, GPU-4de6f6ed-95ca-f7eb-8394-f1822712fff3, NVIDIA GeForce RTX 3090, 80, 22494, 311.82
2026/08/12 20:05:01.277, 3, GPU-4de6f6ed-95ca-f7eb-8394-f1822712fff3, NVIDIA GeForce RTX 3090, 80, 22494, 311.82
2026/08/12 20:05:01.477, 3, GPU-4de6f6ed-95ca-f7eb-8394-f1822712fff3, NVIDIA GeForce RTX 3090, 79, 22496, 310.05
2026/08/12 20:05:01.677, 3, GPU-4de6f6ed-95ca-f7eb-8394-f1822712fff3, NVIDIA GeForce RTX 3090, 79, 22496, 310.05
2026/08/12 20:05:01.878, 3, GPU-4de6f6ed-95ca-f7eb-8394-f1822712fff3, NVIDIA GeForce RTX 3090, 79, 22496, 310.05
2026/08/12 20:05:02.078, 3, GPU-4de6f6ed-95ca-f7eb-8394-f1822712fff3, NVIDIA GeForce RTX 3090, 79, 22496, 310.36
2026/08/12 20:05:02.279, 3, GPU-4de6f6ed-95ca-f7eb-8394-f1822712fff3, NVIDIA GeForce RTX 3090, 79, 22496, 310.36
2026/08/12 20:05:02.479, 3, GPU-4de6f6ed-95ca-f7eb-8394-f1822712fff3, NVIDIA GeForce RTX 3090, 79, 22496, 311.12
2026/08/12 20:05:02.680, 3, GPU-4de6f6ed-95ca-f7eb-8394-f1822712fff3, NVIDIA GeForce RTX 3090, 79, 22498, 311.12
2026/08/12 20:05:02.880, 3, GPU-4de6f6ed-95ca-f7eb-8394-f1822712fff3, NVIDIA GeForce RTX 3090, 79, 22498, 311.12
2026/08/12 20:05:03.081, 3, GPU-4de6f6ed-95ca-f7eb-8394-f1822712fff3, NVIDIA GeForce RTX 3090, 79, 22498, 308.47
2026/08/12 20:05:03.281, 3, GPU-4de6f6ed-95ca-f7eb-8394-f1822712fff3, NVIDIA GeForce RTX 3090, 79, 22498, 308.47
2026/08/12 20:05:03.481, 3, GPU-4de6f6ed-95ca-f7eb-8394-f1822712fff3, NVIDIA GeForce RTX 3090, 88, 22498, 310.90
2026/08/12 20:05:03.682, 3, GPU-4de6f6ed-95ca-f7eb-8394-f1822712fff3, NVIDIA GeForce RTX 3090, 88, 22498, 310.90
2026/08/12 20:05:03.882, 3, GPU-4de6f6ed-95ca-f7eb-8394-f1822712fff3, NVIDIA GeForce RTX 3090, 88, 22500, 310.90
2026/08/12 20:05:04.083, 3, GPU-4de6f6ed-95ca-f7eb-8394-f1822712fff3, NVIDIA GeForce RTX 3090, 88, 22500, 310.13
2026/08/12 20:05:04.283, 3, GPU-4de6f6ed-95ca-f7eb-8394-f1822712fff3, NVIDIA GeForce RTX 3090, 88, 22500, 310.13
2026/08/12 20:05:04.483, 3, GPU-4de6f6ed-95ca-f7eb-8394-f1822712fff3, NVIDIA GeForce RTX 3090, 80, 22500, 310.51
2026/08/12 20:05:04.684, 3, GPU-4de6f6ed-95ca-f7eb-8394-f1822712fff3, NVIDIA GeForce RTX 3090, 80, 22500, 310.51
2026/08/12 20:05:04.884, 3, GPU-4de6f6ed-95ca-f7eb-8394-f1822712fff3, NVIDIA GeForce RTX 3090, 80, 22500, 310.51
2026/08/12 20:05:05.085, 3, GPU-4de6f6ed-95ca-f7eb-8394-f1822712fff3, NVIDIA GeForce RTX 3090, 80, 22500, 313.88
2026/08/12 20:05:05.285, 3, GPU-4de6f6ed-95ca-f7eb-8394-f1822712fff3, NVIDIA GeForce RTX 3090, 80, 22502, 313.88
2026/08/12 20:05:05.485, 3, GPU-4de6f6ed-95ca-f7eb-8394-f1822712fff3, NVIDIA GeForce RTX 3090, 79, 22502, 308.58
2026/08/12 20:05:05.686, 3, GPU-4de6f6ed-95ca-f7eb-8394-f1822712fff3, NVIDIA GeForce RTX 3090, 79, 22502, 308.58
2026/08/12 20:05:05.886, 3, GPU-4de6f6ed-95ca-f7eb-8394-f1822712fff3, NVIDIA GeForce RTX 3090, 79, 22502, 308.58
2026/08/12 20:05:06.087, 3, GPU-4de6f6ed-95ca-f7eb-8394-f1822712fff3, NVIDIA GeForce RTX 3090, 79, 22502, 307.59
2026/08/12 20:05:06.287, 3, GPU-4de6f6ed-95ca-f7eb-8394-f1822712fff3, NVIDIA GeForce RTX 3090, 79, 22502, 307.59
2026/08/12 20:05:06.488, 3, GPU-4de6f6ed-95ca-f7eb-8394-f1822712fff3, NVIDIA GeForce RTX 3090, 94, 22504, 312.44
2026/08/12 20:05:06.688, 3, GPU-4de6f6ed-95ca-f7eb-8394-f1822712fff3, NVIDIA GeForce RTX 3090, 94, 22504, 312.44
2026/08/12 20:05:06.888, 3, GPU-4de6f6ed-95ca-f7eb-8394-f1822712fff3, NVIDIA GeForce RTX 3090, 94, 22504, 312.44
2026/08/12 20:05:07.089, 3, GPU-4de6f6ed-95ca-f7eb-8394-f1822712fff3, NVIDIA GeForce RTX 3090, 94, 22504, 312.05
2026/08/12 20:05:07.289, 3, GPU-4de6f6ed-95ca-f7eb-8394-f1822712fff3, NVIDIA GeForce RTX 3090, 94, 22504, 312.05
2026/08/12 20:05:07.490, 3, GPU-4de6f6ed-95ca-f7eb-8394-f1822712fff3, NVIDIA GeForce RTX 3090, 87, 22504, 312.08
2026/08/12 20:05:07.690, 3, GPU-4de6f6ed-95ca-f7eb-8394-f1822712fff3, NVIDIA GeForce RTX 3090, 87, 22506, 312.08
2026/08/12 20:05:07.890, 3, GPU-4de6f6ed-95ca-f7eb-8394-f1822712fff3, NVIDIA GeForce RTX 3090, 87, 22506, 312.08
2026/08/12 20:05:08.091, 3, GPU-4de6f6ed-95ca-f7eb-8394-f1822712fff3, NVIDIA GeForce RTX 3090, 87, 22506, 308.35
2026/08/12 20:05:08.291, 3, GPU-4de6f6ed-95ca-f7eb-8394-f1822712fff3, NVIDIA GeForce RTX 3090, 87, 22506, 308.35
2026/08/12 20:05:08.491, 3, GPU-4de6f6ed-95ca-f7eb-8394-f1822712fff3, NVIDIA GeForce RTX 3090, 80, 22506, 306.67
2026/08/12 20:05:08.692, 3, GPU-4de6f6ed-95ca-f7eb-8394-f1822712fff3, NVIDIA GeForce RTX 3090, 80, 22506, 306.67
2026/08/12 20:05:08.892, 3, GPU-4de6f6ed-95ca-f7eb-8394-f1822712fff3, NVIDIA GeForce RTX 3090, 80, 22506, 306.67
2026/08/12 20:05:09.093, 3, GPU-4de6f6ed-95ca-f7eb-8394-f1822712fff3, NVIDIA GeForce RTX 3090, 80, 22508, 309.01
2026/08/12 20:05:09.293, 3, GPU-4de6f6ed-95ca-f7eb-8394-f1822712fff3, NVIDIA GeForce RTX 3090, 80, 22508, 309.01
2026/08/12 20:05:09.493, 3, GPU-4de6f6ed-95ca-f7eb-8394-f1822712fff3, NVIDIA GeForce RTX 3090, 80, 22508, 311.97
2026/08/12 20:05:09.694, 3, GPU-4de6f6ed-95ca-f7eb-8394-f1822712fff3, NVIDIA GeForce RTX 3090, 80, 22508, 311.97
2026/08/12 20:05:09.894, 3, GPU-4de6f6ed-95ca-f7eb-8394-f1822712fff3, NVIDIA GeForce RTX 3090, 80, 22508, 311.97
2026/08/12 20:05:10.094, 3, GPU-4de6f6ed-95ca-f7eb-8394-f1822712fff3, NVIDIA GeForce RTX 3090, 80, 22508, 311.65
2026/08/12 20:05:10.295, 3, GPU-4de6f6ed-95ca-f7eb-8394-f1822712fff3, NVIDIA GeForce RTX 3090, 80, 22508, 311.65
2026/08/12 20:05:10.495, 3, GPU-4de6f6ed-95ca-f7eb-8394-f1822712fff3, NVIDIA GeForce RTX 3090, 80, 22510, 309.53
2026/08/12 20:05:10.696, 3, GPU-4de6f6ed-95ca-f7eb-8394-f1822712fff3, NVIDIA GeForce RTX 3090, 80, 22510, 309.53
2026/08/12 20:05:10.896, 3, GPU-4de6f6ed-95ca-f7eb-8394-f1822712fff3, NVIDIA GeForce RTX 3090, 80, 22510, 309.53
2026/08/12 20:05:11.096, 3, GPU-4de6f6ed-95ca-f7eb-8394-f1822712fff3, NVIDIA GeForce RTX 3090, 80, 22510, 312.46
2026/08/12 20:05:11.297, 3, GPU-4de6f6ed-95ca-f7eb-8394-f1822712fff3, NVIDIA GeForce RTX 3090, 80, 22510, 312.46
2026/08/12 20:05:11.497, 3, GPU-4de6f6ed-95ca-f7eb-8394-f1822712fff3, NVIDIA GeForce RTX 3090, 80, 22510, 312.46
2026/08/12 20:05:11.697, 3, GPU-4de6f6ed-95ca-f7eb-8394-f1822712fff3, NVIDIA GeForce RTX 3090, 80, 22512, 312.46
2026/08/12 20:05:11.898, 3, GPU-4de6f6ed-95ca-f7eb-8394-f1822712fff3, NVIDIA GeForce RTX 3090, 80, 22512, 312.46
2026/08/12 20:05:12.098, 3, GPU-4de6f6ed-95ca-f7eb-8394-f1822712fff3, NVIDIA GeForce RTX 3090, 79, 22512, 310.04
2026/08/12 20:05:12.299, 3, GPU-4de6f6ed-95ca-f7eb-8394-f1822712fff3, NVIDIA GeForce RTX 3090, 79, 22512, 310.04
2026/08/12 20:05:12.499, 3, GPU-4de6f6ed-95ca-f7eb-8394-f1822712fff3, NVIDIA GeForce RTX 3090, 79, 22512, 306.81
2026/08/12 20:05:12.699, 3, GPU-4de6f6ed-95ca-f7eb-8394-f1822712fff3, NVIDIA GeForce RTX 3090, 79, 22514, 306.81
2026/08/12 20:05:12.900, 3, GPU-4de6f6ed-95ca-f7eb-8394-f1822712fff3, NVIDIA GeForce RTX 3090, 79, 22514, 306.81
2026/08/12 20:05:13.100, 3, GPU-4de6f6ed-95ca-f7eb-8394-f1822712fff3, NVIDIA GeForce RTX 3090, 86, 22514, 311.75
2026/08/12 20:05:13.301, 3, GPU-4de6f6ed-95ca-f7eb-8394-f1822712fff3, NVIDIA GeForce RTX 3090, 86, 22514, 311.75
2026/08/12 20:05:13.501, 3, GPU-4de6f6ed-95ca-f7eb-8394-f1822712fff3, NVIDIA GeForce RTX 3090, 86, 22514, 309.56
2026/08/12 20:05:13.702, 3, GPU-4de6f6ed-95ca-f7eb-8394-f1822712fff3, NVIDIA GeForce RTX 3090, 86, 22514, 309.56
2026/08/12 20:05:13.902, 3, GPU-4de6f6ed-95ca-f7eb-8394-f1822712fff3, NVIDIA GeForce RTX 3090, 86, 22516, 309.56
2026/08/12 20:05:14.102, 3, GPU-4de6f6ed-95ca-f7eb-8394-f1822712fff3, NVIDIA GeForce RTX 3090, 80, 22516, 308.13
2026/08/12 20:05:14.303, 3, GPU-4de6f6ed-95ca-f7eb-8394-f1822712fff3, NVIDIA GeForce RTX 3090, 80, 22516, 308.13
2026/08/12 20:05:14.503, 3, GPU-4de6f6ed-95ca-f7eb-8394-f1822712fff3, NVIDIA GeForce RTX 3090, 80, 22516, 308.06
2026/08/12 20:05:14.703, 3, GPU-4de6f6ed-95ca-f7eb-8394-f1822712fff3, NVIDIA GeForce RTX 3090, 80, 22516, 308.06
2026/08/12 20:05:14.904, 3, GPU-4de6f6ed-95ca-f7eb-8394-f1822712fff3, NVIDIA GeForce RTX 3090, 80, 22516, 308.06
2026/08/12 20:05:15.104, 3, GPU-4de6f6ed-95ca-f7eb-8394-f1822712fff3, NVIDIA GeForce RTX 3090, 73, 22516, 306.78
2026/08/12 20:05:15.305, 3, GPU-4de6f6ed-95ca-f7eb-8394-f1822712fff3, NVIDIA GeForce RTX 3090, 73, 22516, 306.78
2026/08/12 20:05:15.505, 3, GPU-4de6f6ed-95ca-f7eb-8394-f1822712fff3, NVIDIA GeForce RTX 3090, 73, 22518, 307.84
2026/08/12 20:05:15.706, 3, GPU-4de6f6ed-95ca-f7eb-8394-f1822712fff3, NVIDIA GeForce RTX 3090, 73, 22518, 307.84
2026/08/12 20:05:15.906, 3, GPU-4de6f6ed-95ca-f7eb-8394-f1822712fff3, NVIDIA GeForce RTX 3090, 73, 22518, 307.84
2026/08/12 20:05:16.107, 3, GPU-4de6f6ed-95ca-f7eb-8394-f1822712fff3, NVIDIA GeForce RTX 3090, 79, 22518, 305.33
2026/08/12 20:05:16.307, 3, GPU-4de6f6ed-95ca-f7eb-8394-f1822712fff3, NVIDIA GeForce RTX 3090, 79, 22518, 305.33
2026/08/12 20:05:16.507, 3, GPU-4de6f6ed-95ca-f7eb-8394-f1822712fff3, NVIDIA GeForce RTX 3090, 79, 22520, 307.24
2026/08/12 20:05:16.708, 3, GPU-4de6f6ed-95ca-f7eb-8394-f1822712fff3, NVIDIA GeForce RTX 3090, 79, 22520, 307.24
2026/08/12 20:05:16.908, 3, GPU-4de6f6ed-95ca-f7eb-8394-f1822712fff3, NVIDIA GeForce RTX 3090, 79, 22520, 307.24
2026/08/12 20:05:17.109, 3, GPU-4de6f6ed-95ca-f7eb-8394-f1822712fff3, NVIDIA GeForce RTX 3090, 71, 22520, 306.38
2026/08/12 20:05:17.309, 3, GPU-4de6f6ed-95ca-f7eb-8394-f1822712fff3, NVIDIA GeForce RTX 3090, 71, 22520, 306.38
2026/08/12 20:05:17.510, 3, GPU-4de6f6ed-95ca-f7eb-8394-f1822712fff3, NVIDIA GeForce RTX 3090, 71, 22520, 309.18
2026/08/12 20:05:17.710, 3, GPU-4de6f6ed-95ca-f7eb-8394-f1822712fff3, NVIDIA GeForce RTX 3090, 71, 22522, 309.18
2026/08/12 20:05:17.910, 3, GPU-4de6f6ed-95ca-f7eb-8394-f1822712fff3, NVIDIA GeForce RTX 3090, 71, 22522, 309.18
2026/08/12 20:05:18.111, 3, GPU-4de6f6ed-95ca-f7eb-8394-f1822712fff3, NVIDIA GeForce RTX 3090, 77, 22522, 307.23
2026/08/12 20:05:18.311, 3, GPU-4de6f6ed-95ca-f7eb-8394-f1822712fff3, NVIDIA GeForce RTX 3090, 77, 22522, 307.23
2026/08/12 20:05:18.512, 3, GPU-4de6f6ed-95ca-f7eb-8394-f1822712fff3, NVIDIA GeForce RTX 3090, 77, 22522, 310.25
2026/08/12 20:05:18.712, 3, GPU-4de6f6ed-95ca-f7eb-8394-f1822712fff3, NVIDIA GeForce RTX 3090, 77, 22522, 310.25
2026/08/12 20:05:18.913, 3, GPU-4de6f6ed-95ca-f7eb-8394-f1822712fff3, NVIDIA GeForce RTX 3090, 77, 22522, 310.25
2026/08/12 20:05:19.113, 3, GPU-4de6f6ed-95ca-f7eb-8394-f1822712fff3, NVIDIA GeForce RTX 3090, 73, 22522, 307.66
2026/08/12 20:05:19.313, 3, GPU-4de6f6ed-95ca-f7eb-8394-f1822712fff3, NVIDIA GeForce RTX 3090, 73, 22522, 307.66
2026/08/12 20:05:19.514, 3, GPU-4de6f6ed-95ca-f7eb-8394-f1822712fff3, NVIDIA GeForce RTX 3090, 73, 22522, 304.28
2026/08/12 20:05:19.714, 3, GPU-4de6f6ed-95ca-f7eb-8394-f1822712fff3, NVIDIA GeForce RTX 3090, 73, 22522, 304.28
2026/08/12 20:05:19.915, 3, GPU-4de6f6ed-95ca-f7eb-8394-f1822712fff3, NVIDIA GeForce RTX 3090, 73, 22522, 304.28
2026/08/12 20:05:20.115, 3, GPU-4de6f6ed-95ca-f7eb-8394-f1822712fff3, NVIDIA GeForce RTX 3090, 71, 22522, 302.58
2026/08/12 20:05:20.316, 3, GPU-4de6f6ed-95ca-f7eb-8394-f1822712fff3, NVIDIA GeForce RTX 3090, 71, 22522, 302.58
2026/08/12 20:05:20.516, 3, GPU-4de6f6ed-95ca-f7eb-8394-f1822712fff3, NVIDIA GeForce RTX 3090, 71, 22522, 309.38
2026/08/12 20:05:20.717, 3, GPU-4de6f6ed-95ca-f7eb-8394-f1822712fff3, NVIDIA GeForce RTX 3090, 71, 22522, 309.38
2026/08/12 20:05:20.917, 3, GPU-4de6f6ed-95ca-f7eb-8394-f1822712fff3, NVIDIA GeForce RTX 3090, 71, 22522, 309.38
2026/08/12 20:05:21.117, 3, GPU-4de6f6ed-95ca-f7eb-8394-f1822712fff3, NVIDIA GeForce RTX 3090, 92, 22522, 314.73
2026/08/12 20:05:21.318, 3, GPU-4de6f6ed-95ca-f7eb-8394-f1822712fff3, NVIDIA GeForce RTX 3090, 92, 22522, 314.73
2026/08/12 20:05:21.519, 3, GPU-4de6f6ed-95ca-f7eb-8394-f1822712fff3, NVIDIA GeForce RTX 3090, 92, 22522, 259.53
2026/08/12 20:05:21.719, 3, GPU-4de6f6ed-95ca-f7eb-8394-f1822712fff3, NVIDIA GeForce RTX 3090, 92, 22522, 259.53
2026/08/12 20:05:21.920, 3, GPU-4de6f6ed-95ca-f7eb-8394-f1822712fff3, NVIDIA GeForce RTX 3090, 92, 22522, 259.53
