2026/08/07 14:55:10.382, 3, GPU-4de6f6ed-95ca-f7eb-8394-f1822712fff3, NVIDIA GeForce RTX 3090, 0, 21974, 114.38
2026/08/07 14:55:15.389, 3, GPU-4de6f6ed-95ca-f7eb-8394-f1822712fff3, NVIDIA GeForce RTX 3090, 0, 21974, 106.76
2026/08/07 14:55:20.389, 3, GPU-4de6f6ed-95ca-f7eb-8394-f1822712fff3, NVIDIA GeForce RTX 3090, 0, 21974, 106.98
2026/08/07 14:55:25.390, 3, GPU-4de6f6ed-95ca-f7eb-8394-f1822712fff3, NVIDIA GeForce RTX 3090, 100, 21974, 169.07
2026/08/07 14:55:30.392, 3, GPU-4de6f6ed-95ca-f7eb-8394-f1822712fff3, NVIDIA GeForce RTX 3090, 0, 22012, 144.24
2026/08/07 14:55:35.392, 3, GPU-4de6f6ed-95ca-f7eb-8394-f1822712fff3, NVIDIA GeForce RTX 3090, 100, 22014, 272.55
2026/08/07 14:55:40.393, 3, GPU-4de6f6ed-95ca-f7eb-8394-f1822712fff3, NVIDIA GeForce RTX 3090, 79, 22016, 151.79
2026/08/07 14:55:45.395, 3, GPU-4de6f6ed-95ca-f7eb-8394-f1822712fff3, NVIDIA GeForce RTX 3090, 0, 22016, 275.47
2026/08/07 14:55:50.396, 3, GPU-4de6f6ed-95ca-f7eb-8394-f1822712fff3, NVIDIA GeForce RTX 3090, 62, 22016, 146.77
2026/08/07 14:55:55.397, 3, GPU-4de6f6ed-95ca-f7eb-8394-f1822712fff3, NVIDIA GeForce RTX 3090, 100, 22020, 281.62
2026/08/07 14:56:00.397, 3, GPU-4de6f6ed-95ca-f7eb-8394-f1822712fff3, NVIDIA GeForce RTX 3090, 0, 22020, 167.23
2026/08/07 14:56:05.398, 3, GPU-4de6f6ed-95ca-f7eb-8394-f1822712fff3, NVIDIA GeForce RTX 3090, 100, 22022, 266.40
2026/08/07 14:56:10.399, 3, GPU-4de6f6ed-95ca-f7eb-8394-f1822712fff3, NVIDIA GeForce RTX 3090, 0, 22026, 157.07
2026/08/07 14:56:15.400, 3, GPU-4de6f6ed-95ca-f7eb-8394-f1822712fff3, NVIDIA GeForce RTX 3090, 0, 22028, 272.65
2026/08/07 14:56:20.401, 3, GPU-4de6f6ed-95ca-f7eb-8394-f1822712fff3, NVIDIA GeForce RTX 3090, 90, 22032, 166.27
2026/08/07 14:56:25.402, 3, GPU-4de6f6ed-95ca-f7eb-8394-f1822712fff3, NVIDIA GeForce RTX 3090, 100, 22032, 275.86
2026/08/07 14:56:30.403, 3, GPU-4de6f6ed-95ca-f7eb-8394-f1822712fff3, NVIDIA GeForce RTX 3090, 0, 22034, 163.21
2026/08/07 14:56:35.404, 3, GPU-4de6f6ed-95ca-f7eb-8394-f1822712fff3, NVIDIA GeForce RTX 3090, 100, 22038, 279.28
2026/08/07 14:56:40.405, 3, GPU-4de6f6ed-95ca-f7eb-8394-f1822712fff3, NVIDIA GeForce RTX 3090, 89, 22040, 160.02
2026/08/07 14:56:45.406, 3, GPU-4de6f6ed-95ca-f7eb-8394-f1822712fff3, NVIDIA GeForce RTX 3090, 0, 22040, 284.67
2026/08/07 14:56:50.407, 3, GPU-4de6f6ed-95ca-f7eb-8394-f1822712fff3, NVIDIA GeForce RTX 3090, 82, 22040, 166.43
2026/08/07 14:56:55.408, 3, GPU-4de6f6ed-95ca-f7eb-8394-f1822712fff3, NVIDIA GeForce RTX 3090, 100, 22048, 280.39
2026/08/07 14:57:00.409, 3, GPU-4de6f6ed-95ca-f7eb-8394-f1822712fff3, NVIDIA GeForce RTX 3090, 0, 22052, 160.86
2026/08/07 14:57:05.410, 3, GPU-4de6f6ed-95ca-f7eb-8394-f1822712fff3, NVIDIA GeForce RTX 3090, 100, 22052, 286.31
2026/08/07 14:57:10.411, 3, GPU-4de6f6ed-95ca-f7eb-8394-f1822712fff3, NVIDIA GeForce RTX 3090, 82, 22056, 161.49
2026/08/07 14:57:15.412, 3, GPU-4de6f6ed-95ca-f7eb-8394-f1822712fff3, NVIDIA GeForce RTX 3090, 0, 22056, 288.91
2026/08/07 14:57:20.413, 3, GPU-4de6f6ed-95ca-f7eb-8394-f1822712fff3, NVIDIA GeForce RTX 3090, 76, 22058, 158.46
2026/08/07 14:57:25.414, 3, GPU-4de6f6ed-95ca-f7eb-8394-f1822712fff3, NVIDIA GeForce RTX 3090, 100, 22058, 291.93
2026/08/07 14:57:30.415, 3, GPU-4de6f6ed-95ca-f7eb-8394-f1822712fff3, NVIDIA GeForce RTX 3090, 0, 22062, 160.56
2026/08/07 14:57:35.416, 3, GPU-4de6f6ed-95ca-f7eb-8394-f1822712fff3, NVIDIA GeForce RTX 3090, 100, 22064, 294.36
2026/08/07 14:57:40.417, 3, GPU-4de6f6ed-95ca-f7eb-8394-f1822712fff3, NVIDIA GeForce RTX 3090, 0, 22066, 155.70
2026/08/07 14:57:45.418, 3, GPU-4de6f6ed-95ca-f7eb-8394-f1822712fff3, NVIDIA GeForce RTX 3090, 100, 22066, 293.32
2026/08/07 14:57:50.419, 3, GPU-4de6f6ed-95ca-f7eb-8394-f1822712fff3, NVIDIA GeForce RTX 3090, 0, 22068, 156.58
2026/08/07 14:57:55.420, 3, GPU-4de6f6ed-95ca-f7eb-8394-f1822712fff3, NVIDIA GeForce RTX 3090, 0, 22068, 295.09
2026/08/07 14:58:00.421, 3, GPU-4de6f6ed-95ca-f7eb-8394-f1822712fff3, NVIDIA GeForce RTX 3090, 50, 22074, 149.72
2026/08/07 14:58:05.422, 3, GPU-4de6f6ed-95ca-f7eb-8394-f1822712fff3, NVIDIA GeForce RTX 3090, 2, 22086, 299.28
2026/08/07 14:58:10.423, 3, GPU-4de6f6ed-95ca-f7eb-8394-f1822712fff3, NVIDIA GeForce RTX 3090, 0, 22092, 159.64
2026/08/07 14:58:15.424, 3, GPU-4de6f6ed-95ca-f7eb-8394-f1822712fff3, NVIDIA GeForce RTX 3090, 100, 22092, 303.75
2026/08/07 14:58:20.425, 3, GPU-4de6f6ed-95ca-f7eb-8394-f1822712fff3, NVIDIA GeForce RTX 3090, 0, 22106, 161.07
2026/08/07 14:58:25.426, 3, GPU-4de6f6ed-95ca-f7eb-8394-f1822712fff3, NVIDIA GeForce RTX 3090, 31, 22106, 303.64
2026/08/07 14:58:30.427, 3, GPU-4de6f6ed-95ca-f7eb-8394-f1822712fff3, NVIDIA GeForce RTX 3090, 33, 22106, 152.16
2026/08/07 14:58:35.427, 3, GPU-4de6f6ed-95ca-f7eb-8394-f1822712fff3, NVIDIA GeForce RTX 3090, 27, 22106, 302.83
2026/08/07 14:58:40.429, 3, GPU-4de6f6ed-95ca-f7eb-8394-f1822712fff3, NVIDIA GeForce RTX 3090, 0, 22108, 170.53
2026/08/07 14:58:45.430, 3, GPU-4de6f6ed-95ca-f7eb-8394-f1822712fff3, NVIDIA GeForce RTX 3090, 100, 22108, 305.91
2026/08/07 14:58:50.431, 3, GPU-4de6f6ed-95ca-f7eb-8394-f1822712fff3, NVIDIA GeForce RTX 3090, 0, 22108, 174.54
2026/08/07 14:58:55.431, 3, GPU-4de6f6ed-95ca-f7eb-8394-f1822712fff3, NVIDIA GeForce RTX 3090, 72, 22108, 312.70
2026/08/07 14:59:00.432, 3, GPU-4de6f6ed-95ca-f7eb-8394-f1822712fff3, NVIDIA GeForce RTX 3090, 58, 22108, 167.21
2026/08/07 14:59:05.433, 3, GPU-4de6f6ed-95ca-f7eb-8394-f1822712fff3, NVIDIA GeForce RTX 3090, 84, 22108, 306.94
2026/08/07 14:59:10.434, 3, GPU-4de6f6ed-95ca-f7eb-8394-f1822712fff3, NVIDIA GeForce RTX 3090, 0, 22108, 158.77
2026/08/07 14:59:15.435, 3, GPU-4de6f6ed-95ca-f7eb-8394-f1822712fff3, NVIDIA GeForce RTX 3090, 100, 22108, 303.04
2026/08/07 14:59:20.436, 3, GPU-4de6f6ed-95ca-f7eb-8394-f1822712fff3, NVIDIA GeForce RTX 3090, 0, 22108, 155.07
2026/08/07 14:59:25.437, 3, GPU-4de6f6ed-95ca-f7eb-8394-f1822712fff3, NVIDIA GeForce RTX 3090, 100, 22108, 304.17
2026/08/07 14:59:30.438, 3, GPU-4de6f6ed-95ca-f7eb-8394-f1822712fff3, NVIDIA GeForce RTX 3090, 18, 22108, 167.54
2026/08/07 14:59:35.439, 3, GPU-4de6f6ed-95ca-f7eb-8394-f1822712fff3, NVIDIA GeForce RTX 3090, 0, 22108, 118.00
2026/08/07 14:59:40.440, 3, GPU-4de6f6ed-95ca-f7eb-8394-f1822712fff3, NVIDIA GeForce RTX 3090, 0, 22108, 117.53
2026/08/07 14:59:45.441, 3, GPU-4de6f6ed-95ca-f7eb-8394-f1822712fff3, NVIDIA GeForce RTX 3090, 0, 22108, 116.92
2026/08/07 14:59:50.442, 3, GPU-4de6f6ed-95ca-f7eb-8394-f1822712fff3, NVIDIA GeForce RTX 3090, 0, 22108, 27.80
2026/08/07 14:59:55.443, 3, GPU-4de6f6ed-95ca-f7eb-8394-f1822712fff3, NVIDIA GeForce RTX 3090, 0, 22108, 24.35
2026/08/07 15:00:00.443, 3, GPU-4de6f6ed-95ca-f7eb-8394-f1822712fff3, NVIDIA GeForce RTX 3090, 0, 22108, 24.00
2026/08/07 15:00:05.444, 3, GPU-4de6f6ed-95ca-f7eb-8394-f1822712fff3, NVIDIA GeForce RTX 3090, 0, 22108, 23.81
2026/08/07 15:00:10.445, 3, GPU-4de6f6ed-95ca-f7eb-8394-f1822712fff3, NVIDIA GeForce RTX 3090, 0, 22108, 23.51
2026/08/07 15:00:15.446, 3, GPU-4de6f6ed-95ca-f7eb-8394-f1822712fff3, NVIDIA GeForce RTX 3090, 0, 22108, 23.24
2026/08/07 15:00:20.447, 3, GPU-4de6f6ed-95ca-f7eb-8394-f1822712fff3, NVIDIA GeForce RTX 3090, 0, 22108, 23.40
2026/08/07 15:00:25.448, 3, GPU-4de6f6ed-95ca-f7eb-8394-f1822712fff3, NVIDIA GeForce RTX 3090, 0, 22108, 23.22
2026/08/07 15:00:30.449, 3, GPU-4de6f6ed-95ca-f7eb-8394-f1822712fff3, NVIDIA GeForce RTX 3090, 0, 22108, 23.27
2026/08/07 15:00:35.450, 3, GPU-4de6f6ed-95ca-f7eb-8394-f1822712fff3, NVIDIA GeForce RTX 3090, 0, 22108, 23.00
2026/08/07 15:00:40.451, 3, GPU-4de6f6ed-95ca-f7eb-8394-f1822712fff3, NVIDIA GeForce RTX 3090, 0, 22108, 23.20
2026/08/07 15:00:45.452, 3, GPU-4de6f6ed-95ca-f7eb-8394-f1822712fff3, NVIDIA GeForce RTX 3090, 0, 22108, 22.94
2026/08/07 15:00:50.453, 3, GPU-4de6f6ed-95ca-f7eb-8394-f1822712fff3, NVIDIA GeForce RTX 3090, 0, 22108, 22.95
2026/08/07 15:00:55.453, 3, GPU-4de6f6ed-95ca-f7eb-8394-f1822712fff3, NVIDIA GeForce RTX 3090, 0, 22108, 22.69
2026/08/07 15:01:00.454, 3, GPU-4de6f6ed-95ca-f7eb-8394-f1822712fff3, NVIDIA GeForce RTX 3090, 0, 22108, 22.72
2026/08/07 15:01:05.455, 3, GPU-4de6f6ed-95ca-f7eb-8394-f1822712fff3, NVIDIA GeForce RTX 3090, 0, 22108, 22.93
2026/08/07 15:01:10.456, 3, GPU-4de6f6ed-95ca-f7eb-8394-f1822712fff3, NVIDIA GeForce RTX 3090, 0, 22108, 22.65
2026/08/07 15:01:15.457, 3, GPU-4de6f6ed-95ca-f7eb-8394-f1822712fff3, NVIDIA GeForce RTX 3090, 0, 22108, 22.63
2026/08/07 15:01:20.459, 3, GPU-4de6f6ed-95ca-f7eb-8394-f1822712fff3, NVIDIA GeForce RTX 3090, 0, 22108, 22.84
2026/08/07 15:01:25.462, 3, GPU-4de6f6ed-95ca-f7eb-8394-f1822712fff3, NVIDIA GeForce RTX 3090, 0, 22108, 22.87
